seed_index,seed,condition,lag,normalized_energy
0,956087733,drive_orthogonal,1,0.535040132423285
0,956087733,drive_orthogonal,2,0.2235847027256609
0,956087733,drive_orthogonal,3,0.12490065531874245
0,956087733,drive_orthogonal,4,0.04504550516276382
0,956087733,drive_orthogonal,5,0.023094815637639057
0,956087733,drive_orthogonal,6,0.01735572462755896
0,956087733,drive_orthogonal,7,0.008015245152879649
0,956087733,drive_orthogonal,8,0.005968370893203124
0,956087733,drive_orthogonal,9,0.005575641669309301
0,956087733,drive_orthogonal,10,0.0030968610295037586
0,956087733,drive_orthogonal,11,0.0022184020724963427
0,956087733,drive_orthogonal,12,0.002025996380472158
0,956087733,drive_orthogonal,13,0.001290706627290385
0,956087733,drive_orthogonal,14,0.0006989435349376667
0,956087733,drive_orthogonal,15,0.0006504980139743039
0,956087733,drive_orthogonal,16,0.000545483517574789
0,956087733,drive_orthogonal,17,0.00032604953661060997
0,956087733,drive_orthogonal,18,0.0002396186963209992
0,956087733,drive_orthogonal,19,0.00020296779258901511
0,956087733,drive_orthogonal,20,0.0001236791871877488
0,956087733,equal_phase,1,0.8427442298891885
0,956087733,equal_phase,2,0.10581878481725224
0,956087733,equal_phase,3,0.030742289535250013
0,956087733,equal_phase,4,0.010965489464267382
0,956087733,equal_phase,5,0.003941085531786215
0,956087733,equal_phase,6,0.002055835165490036
0,956087733,equal_phase,7,0.0012346097535204878
0,956087733,equal_phase,8,0.0007800289316406674
0,956087733,equal_phase,9,0.0006102470252221619
0,956087733,equal_phase,10,0.0004195952784210817
0,956087733,equal_phase,11,0.00024212320154394433
0,956087733,equal_phase,12,0.00014784206788762816
0,956087733,equal_phase,13,9.577380838665225e-05
0,956087733,equal_phase,14,6.629030979675535e-05
0,956087733,equal_phase,15,4.4888781713321225e-05
0,956087733,equal_phase,16,3.0268473675300205e-05
0,956087733,equal_phase,17,2.1486535289197083e-05
0,956087733,equal_phase,18,1.5508332369775854e-05
0,956087733,equal_phase,19,1.2914927915529476e-05
0,956087733,equal_phase,20,1.0708169383300353e-05
1,1375334633,drive_orthogonal,1,0.738646576821318
1,1375334633,drive_orthogonal,2,0.14116847860951573
1,1375334633,drive_orthogonal,3,0.06996200975379444
1,1375334633,drive_orthogonal,4,0.028090914313765713
1,1375334633,drive_orthogonal,5,0.010219409091208687
1,1375334633,drive_orthogonal,6,0.004727261238046086
1,1375334633,drive_orthogonal,7,0.0024780207383497017
1,1375334633,drive_orthogonal,8,0.0014524597864829425
1,1375334633,drive_orthogonal,9,0.0011038970304057046
1,1375334633,drive_orthogonal,10,0.0008434621402185935
1,1375334633,drive_orthogonal,11,0.0005197819959831138
1,1375334633,drive_orthogonal,12,0.0003337157276941625
1,1375334633,drive_orthogonal,13,0.00019247335286212559
1,1375334633,drive_orthogonal,14,0.00010931148730988713
1,1375334633,drive_orthogonal,15,6.237167237643554e-05
1,1375334633,drive_orthogonal,16,3.485778184592501e-05
1,1375334633,drive_orthogonal,17,2.2066625851940966e-05
1,1375334633,drive_orthogonal,18,1.5177247976992333e-05
1,1375334633,drive_orthogonal,19,1.0468109481434e-05
1,1375334633,drive_orthogonal,20,7.286475512484696e-06
1,1375334633,equal_phase,1,0.7917535514510847
1,1375334633,equal_phase,2,0.13756644680089547
1,1375334633,equal_phase,3,0.04341181393324837
1,1375334633,equal_phase,4,0.014736691994507046
1,1375334633,equal_phase,5,0.006103539616096448
1,1375334633,equal_phase,6,0.0029411160742115828
1,1375334633,equal_phase,7,0.0013045657885380024
1,1375334633,equal_phase,8,0.0006717202197956969
1,1375334633,equal_phase,9,0.00048046899248085386
1,1375334633,equal_phase,10,0.00036589513428686416
1,1375334633,equal_phase,11,0.0002543531412219425
1,1375334633,equal_phase,12,0.00016031365019238868
1,1375334633,equal_phase,13,9.394261725071308e-05
1,1375334633,equal_phase,14,5.4088647201830656e-05
1,1375334633,equal_phase,15,3.417841719799387e-05
1,1375334633,equal_phase,16,2.3461184347939e-05
1,1375334633,equal_phase,17,1.722506660739993e-05
1,1375334633,equal_phase,18,1.2590656946373538e-05
1,1375334633,equal_phase,19,8.579592746733726e-06
1,1375334633,equal_phase,20,5.457021141561153e-06
2,707736772,drive_orthogonal,1,0.7024452256345161
2,707736772,drive_orthogonal,2,0.14957679726620624
2,707736772,drive_orthogonal,3,0.07850901651532613
2,707736772,drive_orthogonal,4,0.028887550112877622
2,707736772,drive_orthogonal,5,0.012145705947454821
2,707736772,drive_orthogonal,6,0.007961643670027904
2,707736772,drive_orthogonal,7,0.006078584554076777
2,707736772,drive_orthogonal,8,0.004592473463429186
2,707736772,drive_orthogonal,9,0.0035471618011280737
2,707736772,drive_orthogonal,10,0.002358213471462525
2,707736772,drive_orthogonal,11,0.0013161993386348867
2,707736772,drive_orthogonal,12,0.0007714524714854011
2,707736772,drive_orthogonal,13,0.000534571901584642
2,707736772,drive_orthogonal,14,0.000371574162796615
2,707736772,drive_orthogonal,15,0.00027067040366866445
2,707736772,drive_orthogonal,16,0.00020483359071873873
2,707736772,drive_orthogonal,17,0.00015938274665439907
2,707736772,drive_orthogonal,18,0.0001214045823141526
2,707736772,drive_orthogonal,19,8.772616363104942e-05
2,707736772,drive_orthogonal,20,5.981220200631602e-05
2,707736772,equal_phase,1,0.8363102153584618
2,707736772,equal_phase,2,0.10483827216926556
2,707736772,equal_phase,3,0.0340322517419615
2,707736772,equal_phase,4,0.01282446517491254
2,707736772,equal_phase,5,0.004666424329695794
2,707736772,equal_phase,6,0.002478820608998815
2,707736772,equal_phase,7,0.0017752285828330466
2,707736772,equal_phase,8,0.0012753755060342237
2,707736772,equal_phase,9,0.0005465186755355463
2,707736772,equal_phase,10,0.0004253519639133225
2,707736772,equal_phase,11,0.00028013512012812586
2,707736772,equal_phase,12,0.00017591494629081063
2,707736772,equal_phase,13,0.00010849687980052238
2,707736772,equal_phase,14,6.825600155188582e-05
2,707736772,equal_phase,15,5.616272112298666e-05
2,707736772,equal_phase,16,4.5037405207730775e-05
2,707736772,equal_phase,17,3.738843259752178e-05
2,707736772,equal_phase,18,2.7770392441405643e-05
2,707736772,equal_phase,19,1.7107512838791647e-05
2,707736772,equal_phase,20,1.0806476408059549e-05
3,1133846500,drive_orthogonal,1,0.5874559358025805
3,1133846500,drive_orthogonal,2,0.1993701932980081
3,1133846500,drive_orthogonal,3,0.13215443701052018
3,1133846500,drive_orthogonal,4,0.040053658627214606
3,1133846500,drive_orthogonal,5,0.013236100556048586
3,1133846500,drive_orthogonal,6,0.008888343289790287
3,1133846500,drive_orthogonal,7,0.004995336306400554
3,1133846500,drive_orthogonal,8,0.0042077727701163165
3,1133846500,drive_orthogonal,9,0.0030122418194283213
3,1133846500,drive_orthogonal,10,0.0018230707574928495
3,1133846500,drive_orthogonal,11,0.001500602422333177
3,1133846500,drive_orthogonal,12,0.001098967118701413
3,1133846500,drive_orthogonal,13,0.000631815262349299
3,1133846500,drive_orthogonal,14,0.0004275542003119822
3,1133846500,drive_orthogonal,15,0.0003706268274680037
3,1133846500,drive_orthogonal,16,0.00026591373352163227
3,1133846500,drive_orthogonal,17,0.00019409235469809263
3,1133846500,drive_orthogonal,18,0.00014526537774349493
3,1133846500,drive_orthogonal,19,9.883503420425366e-05
3,1133846500,drive_orthogonal,20,6.92374310685683e-05
3,1133846500,equal_phase,1,0.8723549667446513
3,1133846500,equal_phase,2,0.06923903053659142
3,1133846500,equal_phase,3,0.030701124441233896
3,1133846500,equal_phase,4,0.011910938574328508
3,1133846500,equal_phase,5,0.004376867953429962
3,1133846500,equal_phase,6,0.00286122892208077
3,1133846500,equal_phase,7,0.0024102289489275823
3,1133846500,equal_phase,8,0.0019438501519308793
3,1133846500,equal_phase,9,0.0015428396619344314
3,1133846500,equal_phase,10,0.000884423889044691
3,1133846500,equal_phase,11,0.0004918300751671306
3,1133846500,equal_phase,12,0.0003375658622254992
3,1133846500,equal_phase,13,0.00026381377465142347
3,1133846500,equal_phase,14,0.00020196413225569406
3,1133846500,equal_phase,15,0.00015566332088723787
3,1133846500,equal_phase,16,0.00011457064306205304
3,1133846500,equal_phase,17,8.079713554611458e-05
3,1133846500,equal_phase,18,5.398899419414093e-05
3,1133846500,equal_phase,19,4.0972182170399215e-05
3,1133846500,equal_phase,20,3.33340556868949e-05
4,365211353,drive_orthogonal,1,0.6452185226991232
4,365211353,drive_orthogonal,2,0.1485299156922508
4,365211353,drive_orthogonal,3,0.09106944385296535
4,365211353,drive_orthogonal,4,0.053378492318512286
4,365211353,drive_orthogonal,5,0.02877759736822085
4,365211353,drive_orthogonal,6,0.013530871488496398
4,365211353,drive_orthogonal,7,0.0069882016089867945
4,365211353,drive_orthogonal,8,0.004309771628214697
4,365211353,drive_orthogonal,9,0.002852865092307003
4,365211353,drive_orthogonal,10,0.0020662666633386746
4,365211353,drive_orthogonal,11,0.0013715722854888176
4,365211353,drive_orthogonal,12,0.0007270396095055434
4,365211353,drive_orthogonal,13,0.00035318924501318596
4,365211353,drive_orthogonal,14,0.00022132787983092055
4,365211353,drive_orthogonal,15,0.00017735367864196854
4,365211353,drive_orthogonal,16,0.00015955320994591376
4,365211353,drive_orthogonal,17,0.00011885722745229699
4,365211353,drive_orthogonal,18,7.75744352788005e-05
4,365211353,drive_orthogonal,19,4.546548549399263e-05
4,365211353,drive_orthogonal,20,2.6118530932541953e-05
4,365211353,equal_phase,1,0.8045448556023381
4,365211353,equal_phase,2,0.12998530116276405
4,365211353,equal_phase,3,0.043478051112920114
4,365211353,equal_phase,4,0.013521764755406052
4,365211353,equal_phase,5,0.003977518550577361
4,365211353,equal_phase,6,0.0017786946759776622
4,365211353,equal_phase,7,0.0009837979126145883
4,365211353,equal_phase,8,0.0007994101511758758
4,365211353,equal_phase,9,0.0003665973842634504
4,365211353,equal_phase,10,0.00018479686869534118
4,365211353,equal_phase,11,9.454553043508977e-05
4,365211353,equal_phase,12,7.651297080074856e-05
4,365211353,equal_phase,13,5.284893553810036e-05
4,365211353,equal_phase,14,4.0500116654742766e-05
4,365211353,equal_phase,15,3.317712238608022e-05
4,365211353,equal_phase,16,2.260233840278845e-05
4,365211353,equal_phase,17,1.798897333491323e-05
4,365211353,equal_phase,18,1.5099820296779637e-05
4,365211353,equal_phase,19,1.4014346787939627e-05
4,365211353,equal_phase,20,1.1921668629916536e-05
5,878523603,drive_orthogonal,1,0.49999804082830246
5,878523603,drive_orthogonal,2,0.26381016091926734
5,878523603,drive_orthogonal,3,0.13569655668915753
5,878523603,drive_orthogonal,4,0.048703427018854016
5,878523603,drive_orthogonal,5,0.017278725820261184
5,878523603,drive_orthogonal,6,0.009413035694626959
5,878523603,drive_orthogonal,7,0.009008262141451269
5,878523603,drive_orthogonal,8,0.006345562214953039
5,878523603,drive_orthogonal,9,0.0030786067006471113
5,878523603,drive_orthogonal,10,0.0017810581102146526
5,878523603,drive_orthogonal,11,0.0014914435536116282
5,878523603,drive_orthogonal,12,0.0014680976780123514
5,878523603,drive_orthogonal,13,0.0009720416154748676
5,878523603,drive_orthogonal,14,0.0004111029619653892
5,878523603,drive_orthogonal,15,0.00017265907217479774
5,878523603,drive_orthogonal,16,0.0001226687364042181
5,878523603,drive_orthogonal,17,9.90563941883666e-05
5,878523603,drive_orthogonal,18,7.637390765856404e-05
5,878523603,drive_orthogonal,19,4.760019665478966e-05
5,878523603,drive_orthogonal,20,2.5519746119326324e-05
5,878523603,equal_phase,1,0.8042157653377331
5,878523603,equal_phase,2,0.10147885543160072
5,878523603,equal_phase,3,0.05995971053379235
5,878523603,equal_phase,4,0.01976048123330058
5,878523603,equal_phase,5,0.004122986816254354
5,878523603,equal_phase,6,0.00398922223930243
5,878523603,equal_phase,7,0.002917628017138759
5,878523603,equal_phase,8,0.001181554878757232
5,878523603,equal_phase,9,0.000766271094672643
5,878523603,equal_phase,10,0.0005691997937266676
5,878523603,equal_phase,11,0.0003972856807322637
5,878523603,equal_phase,12,0.0002578108988044039
5,878523603,equal_phase,13,0.00015032018561046676
5,878523603,equal_phase,14,8.373709046426172e-05
5,878523603,equal_phase,15,5.7621994754303645e-05
5,878523603,equal_phase,16,3.7447913397267404e-05
5,878523603,equal_phase,17,2.058181374166742e-05
5,878523603,equal_phase,18,1.3792895371552828e-05
5,878523603,equal_phase,19,1.1643568598265097e-05
5,878523603,equal_phase,20,8.082582246894236e-06
6,457552621,drive_orthogonal,1,0.6022581920917673
6,457552621,drive_orthogonal,2,0.21987894016925652
6,457552621,drive_orthogonal,3,0.08284899041305689
6,457552621,drive_orthogonal,4,0.043455815447040476
6,457552621,drive_orthogonal,5,0.022073178318098984
6,457552621,drive_orthogonal,6,0.00950580332593684
6,457552621,drive_orthogonal,7,0.006657680503710015
6,457552621,drive_orthogonal,8,0.004095865137881968
6,457552621,drive_orthogonal,9,0.002602034542869869
6,457552621,drive_orthogonal,10,0.0016684559374768443
6,457552621,drive_orthogonal,11,0.0011728618548363316
6,457552621,drive_orthogonal,12,0.0010753794245400832
6,457552621,drive_orthogonal,13,0.0008247224417485785
6,457552621,drive_orthogonal,14,0.0005794223493252147
6,457552621,drive_orthogonal,15,0.00040583165525914436
6,457552621,drive_orthogonal,16,0.0002803209577822817
6,457552621,drive_orthogonal,17,0.00023225204142623702
6,457552621,drive_orthogonal,18,0.00017038180216435916
6,457552621,drive_orthogonal,19,0.0001227910975379954
6,457552621,drive_orthogonal,20,9.108048828374505e-05
6,457552621,equal_phase,1,0.8371705463422265
6,457552621,equal_phase,2,0.1038061844393272
6,457552621,equal_phase,3,0.03734074390774804
6,457552621,equal_phase,4,0.013542791097199153
6,457552621,equal_phase,5,0.003906110127903861
6,457552621,equal_phase,6,0.0012668738854529481
6,457552621,equal_phase,7,0.0006143874567240481
6,457552621,equal_phase,8,0.0005587405805553375
6,457552621,equal_phase,9,0.00047699854946079117
6,457552621,equal_phase,10,0.0003255077105831781
6,457552621,equal_phase,11,0.0002188919025632651
6,457552621,equal_phase,12,0.00017788425266499687
6,457552621,equal_phase,13,0.00015945286458007128
6,457552621,equal_phase,14,0.0001381474030686419
6,457552621,equal_phase,15,0.0001073483395669529
6,457552621,equal_phase,16,7.344296301514055e-05
6,457552621,equal_phase,17,4.6408196920170484e-05
6,457552621,equal_phase,18,2.8942665029666933e-05
6,457552621,equal_phase,19,2.104112582396907e-05
6,457552621,equal_phase,20,1.955618958602341e-05
7,363662622,drive_orthogonal,1,0.6294429563239385
7,363662622,drive_orthogonal,2,0.21593980873592603
7,363662622,drive_orthogonal,3,0.09295164952538466
7,363662622,drive_orthogonal,4,0.035968659208870206
7,363662622,drive_orthogonal,5,0.012175714810727021
7,363662622,drive_orthogonal,6,0.006132961500047719
7,363662622,drive_orthogonal,7,0.0031047133621047627
7,363662622,drive_orthogonal,8,0.0014707592820394067
7,363662622,drive_orthogonal,9,0.0009941738100445957
7,363662622,drive_orthogonal,10,0.0006549165139691069
7,363662622,drive_orthogonal,11,0.0004666111299118521
7,363662622,drive_orthogonal,12,0.00025560438148033245
7,363662622,drive_orthogonal,13,0.0001512345183790109
7,363662622,drive_orthogonal,14,9.92761398955266e-05
7,363662622,drive_orthogonal,15,6.83010000764018e-05
7,363662622,drive_orthogonal,16,4.614516078210965e-05
7,363662622,drive_orthogonal,17,3.210162405309941e-05
7,363662622,drive_orthogonal,18,2.0178248496818106e-05
7,363662622,drive_orthogonal,19,1.4430579254566907e-05
7,363662622,drive_orthogonal,20,9.804144618213422e-06
7,363662622,equal_phase,1,0.8186921878978085
7,363662622,equal_phase,2,0.12286943059062115
7,363662622,equal_phase,3,0.038315690009506846
7,363662622,equal_phase,4,0.012594185110216276
7,363662622,equal_phase,5,0.0034332726463801454
7,363662622,equal_phase,6,0.0016576949884993134
7,363662622,equal_phase,7,0.0009391063885729076
7,363662622,equal_phase,8,0.00047803652227680675
7,363662622,equal_phase,9,0.0003314805925441418
7,363662622,equal_phase,10,0.000193742392453445
7,363662622,equal_phase,11,0.00014590143048761364
7,363662622,equal_phase,12,0.00011434185721167379
7,363662622,equal_phase,13,8.234659631052674e-05
7,363662622,equal_phase,14,5.9247412700942834e-05
7,363662622,equal_phase,15,3.9227007348653874e-05
7,363662622,equal_phase,16,2.3650728087099714e-05
7,363662622,equal_phase,17,1.371834795445526e-05
7,363662622,equal_phase,18,8.324255480820004e-06
7,363662622,equal_phase,19,5.185299517980124e-06
7,363662622,equal_phase,20,3.229926020904064e-06
8,853972123,drive_orthogonal,1,0.5820837318653554
8,853972123,drive_orthogonal,2,0.23282856501154234
8,853972123,drive_orthogonal,3,0.1278556628164881
8,853972123,drive_orthogonal,4,0.02558336293793591
8,853972123,drive_orthogonal,5,0.011554893071199883
8,853972123,drive_orthogonal,6,0.0072957263337639165
8,853972123,drive_orthogonal,7,0.004412576332763218
8,853972123,drive_orthogonal,8,0.002642651325077794
8,853972123,drive_orthogonal,9,0.0017796122520316194
8,853972123,drive_orthogonal,10,0.0010024817292022508
8,853972123,drive_orthogonal,11,0.0007369519096667293
8,853972123,drive_orthogonal,12,0.0006252475270549927
8,853972123,drive_orthogonal,13,0.00044491191149410294
8,853972123,drive_orthogonal,14,0.0003146840114910497
8,853972123,drive_orthogonal,15,0.0002241863431417596
8,853972123,drive_orthogonal,16,0.00018564247146639625
8,853972123,drive_orthogonal,17,0.00014930480682964604
8,853972123,drive_orthogonal,18,0.00011555982635461812
8,853972123,drive_orthogonal,19,8.908038333374911e-05
8,853972123,drive_orthogonal,20,7.516713380644115e-05
8,853972123,equal_phase,1,0.8325640504939181
8,853972123,equal_phase,2,0.08643204355604123
8,853972123,equal_phase,3,0.0431471093670168
8,853972123,equal_phase,4,0.012091404916268797
8,853972123,equal_phase,5,0.010717065179332838
8,853972123,equal_phase,6,0.0048254019020883936
8,853972123,equal_phase,7,0.003361049306776071
8,853972123,equal_phase,8,0.0022472506150317973
8,853972123,equal_phase,9,0.0010665190460006134
8,853972123,equal_phase,10,0.0008575207233698368
8,853972123,equal_phase,11,0.0008427666557543879
8,853972123,equal_phase,12,0.0006420475421077556
8,853972123,equal_phase,13,0.0003647315906762782
8,853972123,equal_phase,14,0.00021861083898881575
8,853972123,equal_phase,15,0.00016567167933632232
8,853972123,equal_phase,16,0.00014786770032937336
8,853972123,equal_phase,17,0.00011415447680695115
8,853972123,equal_phase,18,8.233070145762563e-05
8,853972123,equal_phase,19,6.267571691384978e-05
8,853972123,equal_phase,20,4.972799178424364e-05
9,1403843447,drive_orthogonal,1,0.6098883661662439
9,1403843447,drive_orthogonal,2,0.1946172383217277
9,1403843447,drive_orthogonal,3,0.10222096993267728
9,1403843447,drive_orthogonal,4,0.04774957527364381
9,1403843447,drive_orthogonal,5,0.019923863537344013
9,1403843447,drive_orthogonal,6,0.009744019058294803
9,1403843447,drive_orthogonal,7,0.0058124174953844655
9,1403843447,drive_orthogonal,8,0.0036898890308640422
9,1403843447,drive_orthogonal,9,0.002162686461090262
9,1403843447,drive_orthogonal,10,0.0014080386649891064
9,1403843447,drive_orthogonal,11,0.0009273702245612221
9,1403843447,drive_orthogonal,12,0.0006588908262672811
9,1403843447,drive_orthogonal,13,0.0004211163422754702
9,1403843447,drive_orthogonal,14,0.0002675009944658226
9,1403843447,drive_orthogonal,15,0.0001900085319228559
9,1403843447,drive_orthogonal,16,0.00012563626756226676
9,1403843447,drive_orthogonal,17,8.256214493839196e-05
9,1403843447,drive_orthogonal,18,5.249507080667342e-05
9,1403843447,drive_orthogonal,19,3.4491995595981876e-05
9,1403843447,drive_orthogonal,20,2.2863659344612523e-05
9,1403843447,equal_phase,1,0.7843504996054844
9,1403843447,equal_phase,2,0.13190320340137668
9,1403843447,equal_phase,3,0.05252745956020947
9,1403843447,equal_phase,4,0.018758659915997622
9,1403843447,equal_phase,5,0.005845972317930142
9,1403843447,equal_phase,6,0.0028617804541070644
9,1403843447,equal_phase,7,0.0013704769731195288
9,1403843447,equal_phase,8,0.0010003006311399248
9,1403843447,equal_phase,9,0.0005052957880299842
9,1403843447,equal_phase,10,0.00030622738023627997
9,1403843447,equal_phase,11,0.00022425434372522904
9,1403843447,equal_phase,12,0.0001344852269597258
9,1403843447,equal_phase,13,8.33121468648698e-05
9,1403843447,equal_phase,14,4.899588908508182e-05
9,1403843447,equal_phase,15,2.7332674470795023e-05
9,1403843447,equal_phase,16,1.8658566702081627e-05
9,1403843447,equal_phase,17,1.2751979020497693e-05
9,1403843447,equal_phase,18,9.423528418972894e-06
9,1403843447,equal_phase,19,6.629174223677006e-06
9,1403843447,equal_phase,20,4.280442897967567e-06
10,151336801,drive_orthogonal,1,0.6516762998832654
10,151336801,drive_orthogonal,2,0.19125028579851053
10,151336801,drive_orthogonal,3,0.09051781193297698
10,151336801,drive_orthogonal,4,0.0366671937715259
10,151336801,drive_orthogonal,5,0.012844445687145536
10,151336801,drive_orthogonal,6,0.006608125619725132
10,151336801,drive_orthogonal,7,0.0037695319348862153
10,151336801,drive_orthogonal,8,0.0025282446324971864
10,151336801,drive_orthogonal,9,0.0015157447855614463
10,151336801,drive_orthogonal,10,0.0008614337524411217
10,151336801,drive_orthogonal,11,0.0006005419517320648
10,151336801,drive_orthogonal,12,0.00044383289358831344
10,151336801,drive_orthogonal,13,0.00026042116847556325
10,151336801,drive_orthogonal,14,0.00013753875217174712
10,151336801,drive_orthogonal,15,0.00012571275143891607
10,151336801,drive_orthogonal,16,8.938956450877712e-05
10,151336801,drive_orthogonal,17,4.439580644573691e-05
10,151336801,drive_orthogonal,18,2.7671529863585835e-05
10,151336801,drive_orthogonal,19,1.9390683319267034e-05
10,151336801,drive_orthogonal,20,1.1987099920691271e-05
10,151336801,equal_phase,1,0.8207688199277381
10,151336801,equal_phase,2,0.1180680435490465
10,151336801,equal_phase,3,0.03583750169623505
10,151336801,equal_phase,4,0.012313727950882291
10,151336801,equal_phase,5,0.005126937901810288
10,151336801,equal_phase,6,0.0025381072234901296
10,151336801,equal_phase,7,0.0014565674741091256
10,151336801,equal_phase,8,0.0011370313866818412
10,151336801,equal_phase,9,0.0008906107373834642
10,151336801,equal_phase,10,0.0006013738449395259
10,151336801,equal_phase,11,0.0003931391860683053
10,151336801,equal_phase,12,0.00027129904037082844
10,151336801,equal_phase,13,0.00019921609688461033
10,151336801,equal_phase,14,0.0001423125203674986
10,151336801,equal_phase,15,9.811816721586078e-05
10,151336801,equal_phase,16,6.564205698186452e-05
10,151336801,equal_phase,17,4.0383650223607605e-05
10,151336801,equal_phase,18,2.3878318656782202e-05
10,151336801,equal_phase,19,1.580658717737706e-05
10,151336801,equal_phase,20,1.1482683736744502e-05
11,1991628836,drive_orthogonal,1,0.643800280826119
11,1991628836,drive_orthogonal,2,0.2047226880232131
11,1991628836,drive_orthogonal,3,0.08510311729829206
11,1991628836,drive_orthogonal,4,0.02937561732969147
11,1991628836,drive_orthogonal,5,0.012431034798982478
11,1991628836,drive_orthogonal,6,0.007991542817095191
11,1991628836,drive_orthogonal,7,0.005318658000402579
11,1991628836,drive_orthogonal,8,0.004194241223079865
11,1991628836,drive_orthogonal,9,0.0029735702594741805
11,1991628836,drive_orthogonal,10,0.0015473087523728269
11,1991628836,drive_orthogonal,11,0.0008171321666893261
11,1991628836,drive_orthogonal,12,0.0005774363637354157
11,1991628836,drive_orthogonal,13,0.00037724740305051895
11,1991628836,drive_orthogonal,14,0.00027676660112294104
11,1991628836,drive_orthogonal,15,0.00018999066729258218
11,1991628836,drive_orthogonal,16,0.00011757681714996964
11,1991628836,drive_orthogonal,17,7.977569016506713e-05
11,1991628836,drive_orthogonal,18,5.283343916317553e-05
11,1991628836,drive_orthogonal,19,3.219757449961809e-05
11,1991628836,drive_orthogonal,20,2.0983948408666955e-05
11,1991628836,equal_phase,1,0.8026922240892841
11,1991628836,equal_phase,2,0.10933477265682431
11,1991628836,equal_phase,3,0.053532059726558376
11,1991628836,equal_phase,4,0.02021280986999069
11,1991628836,equal_phase,5,0.007230460962879864
11,1991628836,equal_phase,6,0.0030231066524728785
11,1991628836,equal_phase,7,0.0014522014826896246
11,1991628836,equal_phase,8,0.0009096833934368046
11,1991628836,equal_phase,9,0.0005506249381499803
11,1991628836,equal_phase,10,0.00034604316870518815
11,1991628836,equal_phase,11,0.0002262892496233773
11,1991628836,equal_phase,12,0.00017694353813118628
11,1991628836,equal_phase,13,0.00010517725333363938
11,1991628836,equal_phase,14,6.869908544808836e-05
11,1991628836,equal_phase,15,4.66558059577786e-05
11,1991628836,equal_phase,16,3.576814430665756e-05
11,1991628836,equal_phase,17,2.2781031488881073e-05
11,1991628836,equal_phase,18,1.4423108674253652e-05
11,1991628836,equal_phase,19,1.1913715991682598e-05
11,1991628836,equal_phase,20,7.3621260528373914e-06
12,1627319819,drive_orthogonal,1,0.48874508278972006
12,1627319819,drive_orthogonal,2,0.2335061585119148
12,1627319819,drive_orthogonal,3,0.1255401214312168
12,1627319819,drive_orthogonal,4,0.05419980481049358
12,1627319819,drive_orthogonal,5,0.024856005124395304
12,1627319819,drive_orthogonal,6,0.022452679766967968
12,1627319819,drive_orthogonal,7,0.01816592134132044
12,1627319819,drive_orthogonal,8,0.009030103424538301
12,1627319819,drive_orthogonal,9,0.005203055790517999
12,1627319819,drive_orthogonal,10,0.005634859891598419
12,1627319819,drive_orthogonal,11,0.004818367400500614
12,1627319819,drive_orthogonal,12,0.002601504929951562
12,1627319819,drive_orthogonal,13,0.0015752836973272428
12,1627319819,drive_orthogonal,14,0.001299165537480078
12,1627319819,drive_orthogonal,15,0.0009458614119875329
12,1627319819,drive_orthogonal,16,0.0004887436006835843
12,1627319819,drive_orthogonal,17,0.0003054904526198829
12,1627319819,drive_orthogonal,18,0.0002829567288294235
12,1627319819,drive_orthogonal,19,0.00022415950237060102
12,1627319819,drive_orthogonal,20,0.00012467385556585168
12,1627319819,equal_phase,1,0.8424462345078414
12,1627319819,equal_phase,2,0.10600762008985996
12,1627319819,equal_phase,3,0.030573375655918906
12,1627319819,equal_phase,4,0.010496423648322649
12,1627319819,equal_phase,5,0.005072876358105957
12,1627319819,equal_phase,6,0.0017245573169656116
12,1627319819,equal_phase,7,0.0007080642704842538
12,1627319819,equal_phase,8,0.0008308724825599602
12,1627319819,equal_phase,9,0.000695534817679491
12,1627319819,equal_phase,10,0.0004611975819656544
12,1627319819,equal_phase,11,0.00027517103576744136
12,1627319819,equal_phase,12,0.00018420981139538085
12,1627319819,equal_phase,13,0.00015797949157689297
12,1627319819,equal_phase,14,0.00011879837168632395
12,1627319819,equal_phase,15,7.864530063976728e-05
12,1627319819,equal_phase,16,5.878931502362182e-05
12,1627319819,equal_phase,17,4.5084298533929305e-05
12,1627319819,equal_phase,18,2.768992300574183e-05
12,1627319819,equal_phase,19,1.8691663932684707e-05
12,1627319819,equal_phase,20,1.8184058734385113e-05
13,336852480,drive_orthogonal,1,0.5744734828492684
13,336852480,drive_orthogonal,2,0.221679874864752
13,336852480,drive_orthogonal,3,0.12643874457293144
13,336852480,drive_orthogonal,4,0.04201790798797684
13,336852480,drive_orthogonal,5,0.012234161385421579
13,336852480,drive_orthogonal,6,0.007494446203264142
13,336852480,drive_orthogonal,7,0.005390508677557035
13,336852480,drive_orthogonal,8,0.003406062039879947
13,336852480,drive_orthogonal,9,0.0018948129482695435
13,336852480,drive_orthogonal,10,0.001255648040936105
13,336852480,drive_orthogonal,11,0.000960973176972474
13,336852480,drive_orthogonal,12,0.0008021300837271371
13,336852480,drive_orthogonal,13,0.0006558947907753983
13,336852480,drive_orthogonal,14,0.0004404894559022384
13,336852480,drive_orthogonal,15,0.00026332329177097184
13,336852480,drive_orthogonal,16,0.00017208493281009525
13,336852480,drive_orthogonal,17,0.00013261928946066797
13,336852480,drive_orthogonal,18,0.00011604252890761226
13,336852480,drive_orthogonal,19,9.719144324574844e-05
13,336852480,drive_orthogonal,20,7.360143617086866e-05
13,336852480,equal_phase,1,0.8503787223113295
13,336852480,equal_phase,2,0.08459895407807766
13,336852480,equal_phase,3,0.03798438165306033
13,336852480,equal_phase,4,0.013739959980630984
13,336852480,equal_phase,5,0.006004634383926201
13,336852480,equal_phase,6,0.0028999364315133594
13,336852480,equal_phase,7,0.0015470395035015474
13,336852480,equal_phase,8,0.0010123730966499307
13,336852480,equal_phase,9,0.0005271189653465029
13,336852480,equal_phase,10,0.0003388768066125704
13,336852480,equal_phase,11,0.00027674052571931724
13,336852480,equal_phase,12,0.00017882102985476023
13,336852480,equal_phase,13,0.00012286130105597276
13,336852480,equal_phase,14,0.00012824015675387356
13,336852480,equal_phase,15,9.618965391371283e-05
13,336852480,equal_phase,16,5.891340125594217e-05
13,336852480,equal_phase,17,4.340716331583604e-05
13,336852480,equal_phase,18,2.8357723654927543e-05
13,336852480,equal_phase,19,1.816946395335052e-05
13,336852480,equal_phase,20,1.630236987371349e-05
14,1454963355,drive_orthogonal,1,0.585640031316328
14,1454963355,drive_orthogonal,2,0.17174764197975056
14,1454963355,drive_orthogonal,3,0.11152257980514085
14,1454963355,drive_orthogonal,4,0.05210316237362517
14,1454963355,drive_orthogonal,5,0.025536656880355505
14,1454963355,drive_orthogonal,6,0.015559636029679464
14,1454963355,drive_orthogonal,7,0.010333757642929103
14,1454963355,drive_orthogonal,8,0.008005105501683221
14,1454963355,drive_orthogonal,9,0.0054232420234579986
14,1454963355,drive_orthogonal,10,0.0032834899753255054
14,1454963355,drive_orthogonal,11,0.0026491647360243693
14,1454963355,drive_orthogonal,12,0.0022613941686464665
14,1454963355,drive_orthogonal,13,0.0016464610864568552
14,1454963355,drive_orthogonal,14,0.0011388297989498419
14,1454963355,drive_orthogonal,15,0.0008216905967534234
14,1454963355,drive_orthogonal,16,0.0006569297568720375
14,1454963355,drive_orthogonal,17,0.0005592678237028954
14,1454963355,drive_orthogonal,18,0.0004705196436349509
14,1454963355,drive_orthogonal,19,0.0003689830642790895
14,1454963355,drive_orthogonal,20,0.00027145579640466843
14,1454963355,equal_phase,1,0.8337092733599235
14,1454963355,equal_phase,2,0.09744250623349872
14,1454963355,equal_phase,3,0.03907470616885315
14,1454963355,equal_phase,4,0.01414063837012663
14,1454963355,equal_phase,5,0.006180776788316812
14,1454963355,equal_phase,6,0.0031203212278687843
14,1454963355,equal_phase,7,0.0018407047281441948
14,1454963355,equal_phase,8,0.0012461508592086267
14,1454963355,equal_phase,9,0.0008721911682248224
14,1454963355,equal_phase,10,0.0006971707865177797
14,1454963355,equal_phase,11,0.00048476087324853884
14,1454963355,equal_phase,12,0.0003518084117748514
14,1454963355,equal_phase,13,0.00028254646473685534
14,1454963355,equal_phase,14,0.00017135377630690088
14,1454963355,equal_phase,15,9.62959737369801e-05
14,1454963355,equal_phase,16,6.806032462161362e-05
14,1454963355,equal_phase,17,6.656150751388461e-05
14,1454963355,equal_phase,18,6.575440642918063e-05
14,1454963355,equal_phase,19,5.312049602069395e-05
14,1454963355,equal_phase,20,3.5298074927591e-05
15,203675062,drive_orthogonal,1,0.5657923073273025
15,203675062,drive_orthogonal,2,0.22268408251977145
15,203675062,drive_orthogonal,3,0.12347625913741764
15,203675062,drive_orthogonal,4,0.04751979782135951
15,203675062,drive_orthogonal,5,0.015625006933755167
15,203675062,drive_orthogonal,6,0.010015239834297833
15,203675062,drive_orthogonal,7,0.006173386334721018
15,203675062,drive_orthogonal,8,0.002940670214742333
15,203675062,drive_orthogonal,9,0.0017128039819633083
15,203675062,drive_orthogonal,10,0.0012327549107551366
15,203675062,drive_orthogonal,11,0.0008710320347220396
15,203675062,drive_orthogonal,12,0.000567135509398647
15,203675062,drive_orthogonal,13,0.0004111167464962729
15,203675062,drive_orthogonal,14,0.00034212690506874504
15,203675062,drive_orthogonal,15,0.0002388443187759794
15,203675062,drive_orthogonal,16,0.00014248171262316712
15,203675062,drive_orthogonal,17,9.338549004066793e-05
15,203675062,drive_orthogonal,18,6.896396838875807e-05
15,203675062,drive_orthogonal,19,5.266643436246594e-05
15,203675062,drive_orthogonal,20,3.993786403742837e-05
15,203675062,equal_phase,1,0.81524037459237
15,203675062,equal_phase,2,0.11463183789486532
15,203675062,equal_phase,3,0.04109795152203416
15,203675062,equal_phase,4,0.014800563668483865
15,203675062,equal_phase,5,0.006670507069153602
15,203675062,equal_phase,6,0.0030151772885264497
15,203675062,equal_phase,7,0.0013979012568708555
15,203675062,equal_phase,8,0.0011156333166536501
15,203675062,equal_phase,9,0.000785239199393416
15,203675062,equal_phase,10,0.00044540941021983837
15,203675062,equal_phase,11,0.0002715498847582579
15,203675062,equal_phase,12,0.00015664796510047815
15,203675062,equal_phase,13,0.00010344198493834711
15,203675062,equal_phase,14,8.350645793081544e-05
15,203675062,equal_phase,15,6.201405359799352e-05
15,203675062,equal_phase,16,4.35263655177314e-05
15,203675062,equal_phase,17,3.064334731153023e-05
15,203675062,equal_phase,18,2.077399397720239e-05
15,203675062,equal_phase,19,1.4748265173560952e-05
15,203675062,equal_phase,20,1.2552463122772741e-05
16,93339074,drive_orthogonal,1,0.5576083486099439
16,93339074,drive_orthogonal,2,0.20559918334181776
16,93339074,drive_orthogonal,3,0.11340709002678606
16,93339074,drive_orthogonal,4,0.05188719655925025
16,93339074,drive_orthogonal,5,0.02460854299010908
16,93339074,drive_orthogonal,6,0.014767663620472351
16,93339074,drive_orthogonal,7,0.010655069058631186
16,93339074,drive_orthogonal,8,0.007984150201474274
16,93339074,drive_orthogonal,9,0.005414487066958863
16,93339074,drive_orthogonal,10,0.0030128763137607364
16,93339074,drive_orthogonal,11,0.0016467636664823416
16,93339074,drive_orthogonal,12,0.001004995090319784
16,93339074,drive_orthogonal,13,0.0007298278760778405
16,93339074,drive_orthogonal,14,0.0005526985339458589
16,93339074,drive_orthogonal,15,0.00039014331588699817
16,93339074,drive_orthogonal,16,0.0002514659216917813
16,93339074,drive_orthogonal,17,0.00017338668520756748
16,93339074,drive_orthogonal,18,0.00012583718293866523
16,93339074,drive_orthogonal,19,0.00010077173966961942
16,93339074,drive_orthogonal,20,7.950219857509608e-05
16,93339074,equal_phase,1,0.8209388444236154
16,93339074,equal_phase,2,0.10239914919560912
16,93339074,equal_phase,3,0.03677953538958496
16,93339074,equal_phase,4,0.017441006115968567
16,93339074,equal_phase,5,0.009379732175127576
16,93339074,equal_phase,6,0.004805398587746692
16,93339074,equal_phase,7,0.0026892642708605994
16,93339074,equal_phase,8,0.0016042472438411689
16,93339074,equal_phase,9,0.0010941174943229657
16,93339074,equal_phase,10,0.000828654297155308
16,93339074,equal_phase,11,0.0006222735887232845
16,93339074,equal_phase,12,0.00044710464278716397
16,93339074,equal_phase,13,0.0003296112844431999
16,93339074,equal_phase,14,0.00022872518120190704
16,93339074,equal_phase,15,0.0001479812312218722
16,93339074,equal_phase,16,9.196068329362811e-05
16,93339074,equal_phase,17,5.390091790286239e-05
16,93339074,equal_phase,18,4.0007999989700866e-05
16,93339074,equal_phase,19,4.076549805198161e-05
16,93339074,equal_phase,20,3.771977855206425e-05
17,8147085,drive_orthogonal,1,0.5238430612053265
17,8147085,drive_orthogonal,2,0.17631180358994777
17,8147085,drive_orthogonal,3,0.11044199588105
17,8147085,drive_orthogonal,4,0.05917375163165304
17,8147085,drive_orthogonal,5,0.03906159565578889
17,8147085,drive_orthogonal,6,0.028422841398482425
17,8147085,drive_orthogonal,7,0.019994321240703817
17,8147085,drive_orthogonal,8,0.0149107790096488
17,8147085,drive_orthogonal,9,0.010278704991684862
17,8147085,drive_orthogonal,10,0.006358310905859746
17,8147085,drive_orthogonal,11,0.003953947886956251
17,8147085,drive_orthogonal,12,0.002650149051108029
17,8147085,drive_orthogonal,13,0.0016699681524232537
17,8147085,drive_orthogonal,14,0.0010013006800816619
17,8147085,drive_orthogonal,15,0.0006643828059618982
17,8147085,drive_orthogonal,16,0.00045739563428314264
17,8147085,drive_orthogonal,17,0.00032415286889522137
17,8147085,drive_orthogonal,18,0.00022397063304538045
17,8147085,drive_orthogonal,19,0.00014886011272842524
17,8147085,drive_orthogonal,20,0.00010870666437098138
17,8147085,equal_phase,1,0.7884664912314485
17,8147085,equal_phase,2,0.12136265903328151
17,8147085,equal_phase,3,0.046963550088993486
17,8147085,equal_phase,4,0.022793159439301207
17,8147085,equal_phase,5,0.010837945871390541
17,8147085,equal_phase,6,0.004019984421833933
17,8147085,equal_phase,7,0.002089557362134178
17,8147085,equal_phase,8,0.0014215017252570481
17,8147085,equal_phase,9,0.0008987228942911309
17,8147085,equal_phase,10,0.00044530457638885905
17,8147085,equal_phase,11,0.00023645773556992274
17,8147085,equal_phase,12,0.0001743251531584177
17,8147085,equal_phase,13,0.0001166807183101272
17,8147085,equal_phase,14,6.910965166255869e-05
17,8147085,equal_phase,15,3.9471158603807654e-05
17,8147085,equal_phase,16,2.614247557281999e-05
17,8147085,equal_phase,17,1.6965562460140225e-05
17,8147085,equal_phase,18,9.468345169347789e-06
17,8147085,equal_phase,19,7.70450359309218e-06
17,8147085,equal_phase,20,4.798051579138088e-06
18,264759322,drive_orthogonal,1,0.5420974148723912
18,264759322,drive_orthogonal,2,0.2371801076766434
18,264759322,drive_orthogonal,3,0.11796531397806717
18,264759322,drive_orthogonal,4,0.044932430573043164
18,264759322,drive_orthogonal,5,0.021047009935424278
18,264759322,drive_orthogonal,6,0.01080405021785214
18,264759322,drive_orthogonal,7,0.006952076562381454
18,264759322,drive_orthogonal,8,0.006339659636856353
18,264759322,drive_orthogonal,9,0.004322591386768432
18,264759322,drive_orthogonal,10,0.002600820699413916
18,264759322,drive_orthogonal,11,0.001661720743456914
18,264759322,drive_orthogonal,12,0.0010822091791279581
18,264759322,drive_orthogonal,13,0.000763993817588137
18,264759322,drive_orthogonal,14,0.0006321776231455976
18,264759322,drive_orthogonal,15,0.000533321337533401
18,264759322,drive_orthogonal,16,0.00039753714736073624
18,264759322,drive_orthogonal,17,0.0002476774224257207
18,264759322,drive_orthogonal,18,0.0001664184487511013
18,264759322,drive_orthogonal,19,0.00014276724151190818
18,264759322,drive_orthogonal,20,0.00013070150025718493
18,264759322,equal_phase,1,0.8379257538296637
18,264759322,equal_phase,2,0.08605782770391368
18,264759322,equal_phase,3,0.04048673570586723
18,264759322,equal_phase,4,0.01813427910514339
18,264759322,equal_phase,5,0.006626897658599524
18,264759322,equal_phase,6,0.003657248683985269
18,264759322,equal_phase,7,0.002208034235474222
18,264759322,equal_phase,8,0.0012140121367590958
18,264759322,equal_phase,9,0.0010675378143064351
18,264759322,equal_phase,10,0.0007629627005038009
18,264759322,equal_phase,11,0.0005858485206232838
18,264759322,equal_phase,12,0.0004913449561699823
18,264759322,equal_phase,13,0.00029086306642738636
18,264759322,equal_phase,14,0.00016882168335718406
18,264759322,equal_phase,15,0.00010871811851912881
18,264759322,equal_phase,16,7.538647069220826e-05
18,264759322,equal_phase,17,5.6371937203918855e-05
18,264759322,equal_phase,18,3.8496239893997596e-05
18,264759322,equal_phase,19,2.4282854384941182e-05
18,264759322,equal_phase,20,1.8576578511584973e-05
19,16866769,drive_orthogonal,1,0.6515985058014654
19,16866769,drive_orthogonal,2,0.21017398501874304
19,16866769,drive_orthogonal,3,0.08116519927945834
19,16866769,drive_orthogonal,4,0.03640591502608694
19,16866769,drive_orthogonal,5,0.009434492740384754
19,16866769,drive_orthogonal,6,0.0037170005561552918
19,16866769,drive_orthogonal,7,0.0028414188129167496
19,16866769,drive_orthogonal,8,0.001968656660254933
19,16866769,drive_orthogonal,9,0.0010167472400532717
19,16866769,drive_orthogonal,10,0.0005411282445398569
19,16866769,drive_orthogonal,11,0.00039748808670597024
19,16866769,drive_orthogonal,12,0.00024490268836233027
19,16866769,drive_orthogonal,13,0.00015495350123341875
19,16866769,drive_orthogonal,14,0.00010462747350000621
19,16866769,drive_orthogonal,15,8.000308072151212e-05
19,16866769,drive_orthogonal,16,5.380756156386543e-05
19,16866769,drive_orthogonal,17,3.957752152477742e-05
19,16866769,drive_orthogonal,18,2.95814993117088e-05
19,16866769,drive_orthogonal,19,2.0380159967429265e-05
19,16866769,drive_orthogonal,20,1.1629047050406152e-05
19,16866769,equal_phase,1,0.8431365830134087
19,16866769,equal_phase,2,0.11001951310397066
19,16866769,equal_phase,3,0.029056500948172272
19,16866769,equal_phase,4,0.008395398816188759
19,16866769,equal_phase,5,0.0037042182362215736
19,16866769,equal_phase,6,0.002178507737851315
19,16866769,equal_phase,7,0.0011439113334746956
19,16866769,equal_phase,8,0.0006208718648451965
19,16866769,equal_phase,9,0.0004767742885847623
19,16866769,equal_phase,10,0.00040754061594767927
19,16866769,equal_phase,11,0.0002858767261143437
19,16866769,equal_phase,12,0.00016750090048735485
19,16866769,equal_phase,13,0.00010496313128628373
19,16866769,equal_phase,14,8.206463730588522e-05
19,16866769,equal_phase,15,6.443892755911568e-05
19,16866769,equal_phase,16,4.78564155429935e-05
19,16866769,equal_phase,17,3.558035185954442e-05
19,16866769,equal_phase,18,2.8192707325671335e-05
19,16866769,equal_phase,19,2.3868897228511542e-05
19,16866769,equal_phase,20,1.9837346624820243e-05
20,346211042,drive_orthogonal,1,0.5199981088811374
20,346211042,drive_orthogonal,2,0.21598455441438208
20,346211042,drive_orthogonal,3,0.14806109319775126
20,346211042,drive_orthogonal,4,0.05929282797880941
20,346211042,drive_orthogonal,5,0.023343652760397106
20,346211042,drive_orthogonal,6,0.01177047830155287
20,346211042,drive_orthogonal,7,0.007804618721940352
20,346211042,drive_orthogonal,8,0.004972273542939321
20,346211042,drive_orthogonal,9,0.0031164882137642647
20,346211042,drive_orthogonal,10,0.002181742492890591
20,346211042,drive_orthogonal,11,0.0014639885982058183
20,346211042,drive_orthogonal,12,0.0008457966337969061
20,346211042,drive_orthogonal,13,0.0004327087665951176
20,346211042,drive_orthogonal,14,0.00026542194484762603
20,346211042,drive_orthogonal,15,0.00017943576543058773
20,346211042,drive_orthogonal,16,0.00011180782153062487
20,346211042,drive_orthogonal,17,6.700436988118621e-05
20,346211042,drive_orthogonal,18,4.7384498536606846e-05
20,346211042,drive_orthogonal,19,3.571799088296142e-05
20,346211042,drive_orthogonal,20,2.4895104727987e-05
20,346211042,equal_phase,1,0.8360316312744073
20,346211042,equal_phase,2,0.09394094475738952
20,346211042,equal_phase,3,0.040154043735837176
20,346211042,equal_phase,4,0.01339763621207132
20,346211042,equal_phase,5,0.004942771108715575
20,346211042,equal_phase,6,0.002758035629643378
20,346211042,equal_phase,7,0.002183078398669539
20,346211042,equal_phase,8,0.0016431257364091683
20,346211042,equal_phase,9,0.0012728597455086371
20,346211042,equal_phase,10,0.0010820507293209374
20,346211042,equal_phase,11,0.0008322743399097271
20,346211042,equal_phase,12,0.0005423950792577249
20,346211042,equal_phase,13,0.00035023041031908794
20,346211042,equal_phase,14,0.00023537783767091144
20,346211042,equal_phase,15,0.00018176026495423801
20,346211042,equal_phase,16,0.00014810543742458946
20,346211042,equal_phase,17,0.00011153393113179399
20,346211042,equal_phase,18,8.03630450514286e-05
20,346211042,equal_phase,19,6.179334988509037e-05
20,346211042,equal_phase,20,4.998897642284753e-05
21,1665106229,drive_orthogonal,1,0.4447487534393314
21,1665106229,drive_orthogonal,2,0.2088513062538826
21,1665106229,drive_orthogonal,3,0.14875653702743025
21,1665106229,drive_orthogonal,4,0.08140336291729092
21,1665106229,drive_orthogonal,5,0.035645473490351305
21,1665106229,drive_orthogonal,6,0.017676907738775418
21,1665106229,drive_orthogonal,7,0.01304566764586345
21,1665106229,drive_orthogonal,8,0.012096190081567043
21,1665106229,drive_orthogonal,9,0.009987602550265196
21,1665106229,drive_orthogonal,10,0.007408705593877068
21,1665106229,drive_orthogonal,11,0.004889665926458385
21,1665106229,drive_orthogonal,12,0.003467671320689192
21,1665106229,drive_orthogonal,13,0.0028167580784046534
21,1665106229,drive_orthogonal,14,0.0024257200514379326
21,1665106229,drive_orthogonal,15,0.0020231334454998955
21,1665106229,drive_orthogonal,16,0.0015315880620871557
21,1665106229,drive_orthogonal,17,0.001171333589579728
21,1665106229,drive_orthogonal,18,0.0008584198631216377
21,1665106229,drive_orthogonal,19,0.0006758970264960136
21,1665106229,drive_orthogonal,20,0.0005193058975906806
21,1665106229,equal_phase,1,0.839086842634218
21,1665106229,equal_phase,2,0.10057641225968571
21,1665106229,equal_phase,3,0.033616904325522376
21,1665106229,equal_phase,4,0.0125061676868418
21,1665106229,equal_phase,5,0.006071120142798051
21,1665106229,equal_phase,6,0.0030648475145127452
21,1665106229,equal_phase,7,0.00165352309424433
21,1665106229,equal_phase,8,0.0011112057986843906
21,1665106229,equal_phase,9,0.0006605761597137831
21,1665106229,equal_phase,10,0.0004288766962753647
21,1665106229,equal_phase,11,0.0003010888576147921
21,1665106229,equal_phase,12,0.00023850390025687834
21,1665106229,equal_phase,13,0.00019047113948052663
21,1665106229,equal_phase,14,0.0001532760949970674
21,1665106229,equal_phase,15,0.0001108983912340412
21,1665106229,equal_phase,16,6.877062733547942e-05
21,1665106229,equal_phase,17,4.6957769325075485e-05
21,1665106229,equal_phase,18,4.113244969942536e-05
21,1665106229,equal_phase,19,3.888723286984524e-05
21,1665106229,equal_phase,20,3.3537224690645986e-05
22,1622806565,drive_orthogonal,1,0.6794341240828324
22,1622806565,drive_orthogonal,2,0.15682466228744704
22,1622806565,drive_orthogonal,3,0.08254197712850381
22,1622806565,drive_orthogonal,4,0.04263549573276566
22,1622806565,drive_orthogonal,5,0.017976541512847215
22,1622806565,drive_orthogonal,6,0.008277700839452623
22,1622806565,drive_orthogonal,7,0.004666283303047039
22,1622806565,drive_orthogonal,8,0.002848287263915621
22,1622806565,drive_orthogonal,9,0.0016602569726423553
22,1622806565,drive_orthogonal,10,0.0010796292735122306
22,1622806565,drive_orthogonal,11,0.000731903480383533
22,1622806565,drive_orthogonal,12,0.0004732013313798289
22,1622806565,drive_orthogonal,13,0.0003025414195191628
22,1622806565,drive_orthogonal,14,0.0001952369879338285
22,1622806565,drive_orthogonal,15,0.0001253651428469874
22,1622806565,drive_orthogonal,16,8.418078746536396e-05
22,1622806565,drive_orthogonal,17,5.913981933502091e-05
22,1622806565,drive_orthogonal,18,3.958604454690703e-05
22,1622806565,drive_orthogonal,19,2.6307624610418177e-05
22,1622806565,drive_orthogonal,20,1.7578965013099632e-05
22,1622806565,equal_phase,1,0.8111178420896604
22,1622806565,equal_phase,2,0.10960334056983827
22,1622806565,equal_phase,3,0.041595199397507526
22,1622806565,equal_phase,4,0.01705408150208645
22,1622806565,equal_phase,5,0.00788845328011176
22,1622806565,equal_phase,6,0.004786656980893417
22,1622806565,equal_phase,7,0.0031863120952079923
22,1622806565,equal_phase,8,0.0018970895890483821
22,1622806565,equal_phase,9,0.00105388428333167
22,1622806565,equal_phase,10,0.0006779308954534836
22,1622806565,equal_phase,11,0.000427483738013088
22,1622806565,equal_phase,12,0.00024797198451778624
22,1622806565,equal_phase,13,0.00014967511664434131
22,1622806565,equal_phase,14,0.00010260201602426795
22,1622806565,equal_phase,15,7.564799318512175e-05
22,1622806565,equal_phase,16,4.9735628965439075e-05
22,1622806565,equal_phase,17,3.200194530081482e-05
22,1622806565,equal_phase,18,2.2960853553900866e-05
22,1622806565,equal_phase,19,1.7707711235540964e-05
22,1622806565,equal_phase,20,1.3422329420258449e-05
23,1222562911,drive_orthogonal,1,0.6926500051290303
23,1222562911,drive_orthogonal,2,0.13759688644771112
23,1222562911,drive_orthogonal,3,0.07845598275726241
23,1222562911,drive_orthogonal,4,0.037671446056316796
23,1222562911,drive_orthogonal,5,0.021016457675315
23,1222562911,drive_orthogonal,6,0.014393607768096256
23,1222562911,drive_orthogonal,7,0.0075548660946053985
23,1222562911,drive_orthogonal,8,0.003974579130123952
23,1222562911,drive_orthogonal,9,0.002317004232309227
23,1222562911,drive_orthogonal,10,0.0014971006758411692
23,1222562911,drive_orthogonal,11,0.000974273321332939
23,1222562911,drive_orthogonal,12,0.0006206176536365251
23,1222562911,drive_orthogonal,13,0.00041823224124958605
23,1222562911,drive_orthogonal,14,0.0002861724859249765
23,1222562911,drive_orthogonal,15,0.00018870139258950148
23,1222562911,drive_orthogonal,16,0.000126140567038284
23,1222562911,drive_orthogonal,17,9.654611936671819e-05
23,1222562911,drive_orthogonal,18,7.711275301750092e-05
23,1222562911,drive_orthogonal,19,5.225131303574807e-05
23,1222562911,drive_orthogonal,20,3.201618619665228e-05
23,1222562911,equal_phase,1,0.8206457916225787
23,1222562911,equal_phase,2,0.10230037497631544
23,1222562911,equal_phase,3,0.03849974071707523
23,1222562911,equal_phase,4,0.016830861814443154
23,1222562911,equal_phase,5,0.009178711006039814
23,1222562911,equal_phase,6,0.0056197691051014425
23,1222562911,equal_phase,7,0.002998834667510528
23,1222562911,equal_phase,8,0.0012321664204938108
23,1222562911,equal_phase,9,0.0008281112166250077
23,1222562911,equal_phase,10,0.0005684003780554372
23,1222562911,equal_phase,11,0.000418912267427869
23,1222562911,equal_phase,12,0.00027276336549778224
23,1222562911,equal_phase,13,0.00019764924169784638
23,1222562911,equal_phase,14,0.00013855547149252482
23,1222562911,equal_phase,15,9.058464344045535e-05
23,1222562911,equal_phase,16,6.159473349435788e-05
23,1222562911,equal_phase,17,4.3206827384412766e-05
23,1222562911,equal_phase,18,3.2884716893838074e-05
23,1222562911,equal_phase,19,2.3951997819437023e-05
23,1222562911,equal_phase,20,1.7134810612920086e-05
