seed_index,seed,condition,delay,capacity
0,956087733,drive_orthogonal,1,0.9988278695366416
0,956087733,drive_orthogonal,2,0.9920925309405374
0,956087733,drive_orthogonal,3,0.976255438038666
0,956087733,drive_orthogonal,4,0.948555187598415
0,956087733,drive_orthogonal,5,0.9048112889225979
0,956087733,drive_orthogonal,6,0.8426065077609088
0,956087733,drive_orthogonal,7,0.7556556193354458
0,956087733,drive_orthogonal,8,0.6931315220025877
0,956087733,drive_orthogonal,9,0.666581710372444
0,956087733,drive_orthogonal,10,0.5670893391305801
0,956087733,drive_orthogonal,11,0.5450382161254014
0,956087733,drive_orthogonal,12,0.5167676518534164
0,956087733,drive_orthogonal,13,0.4286706003993406
0,956087733,drive_orthogonal,14,0.38981189450801274
0,956087733,drive_orthogonal,15,0.3221636198973718
0,956087733,drive_orthogonal,16,0.2977161389770643
0,956087733,drive_orthogonal,17,0.28512759857769715
0,956087733,drive_orthogonal,18,0.2108153155511483
0,956087733,drive_orthogonal,19,0.1530802871491693
0,956087733,drive_orthogonal,20,0.0703757076295288
0,956087733,equal_phase,1,0.9998378719977667
0,956087733,equal_phase,2,0.9980787607654911
0,956087733,equal_phase,3,0.9905240631066425
0,956087733,equal_phase,4,0.9727149371704643
0,956087733,equal_phase,5,0.9540609770462555
0,956087733,equal_phase,6,0.9095308762209176
0,956087733,equal_phase,7,0.850751888003004
0,956087733,equal_phase,8,0.7413389048233964
0,956087733,equal_phase,9,0.6502597270479267
0,956087733,equal_phase,10,0.6757087279071949
0,956087733,equal_phase,11,0.58161329074864
0,956087733,equal_phase,12,0.5967554366977394
0,956087733,equal_phase,13,0.5983069628369865
0,956087733,equal_phase,14,0.5175419518883849
0,956087733,equal_phase,15,0.5361476382235327
0,956087733,equal_phase,16,0.45290848023552527
0,956087733,equal_phase,17,0.4175058485065463
0,956087733,equal_phase,18,0.36614535975925244
0,956087733,equal_phase,19,0.33938971660008516
0,956087733,equal_phase,20,0.23689748008091494
1,1375334633,drive_orthogonal,1,0.9992287680028413
1,1375334633,drive_orthogonal,2,0.9959940864987172
1,1375334633,drive_orthogonal,3,0.9868902800029258
1,1375334633,drive_orthogonal,4,0.9657484449266507
1,1375334633,drive_orthogonal,5,0.9426978638329306
1,1375334633,drive_orthogonal,6,0.9001436103443925
1,1375334633,drive_orthogonal,7,0.7842682797735355
1,1375334633,drive_orthogonal,8,0.6490649979689801
1,1375334633,drive_orthogonal,9,0.561282836080788
1,1375334633,drive_orthogonal,10,0.4973655902058597
1,1375334633,drive_orthogonal,11,0.4255553898168403
1,1375334633,drive_orthogonal,12,0.4360439931689748
1,1375334633,drive_orthogonal,13,0.3432260328268809
1,1375334633,drive_orthogonal,14,0.2749416312036747
1,1375334633,drive_orthogonal,15,0.20187076481117977
1,1375334633,drive_orthogonal,16,0.17425016650654868
1,1375334633,drive_orthogonal,17,0.13671902367768152
1,1375334633,drive_orthogonal,18,0.15301424891558452
1,1375334633,drive_orthogonal,19,0.11211462546479922
1,1375334633,drive_orthogonal,20,0.05301397859659776
1,1375334633,equal_phase,1,0.9999233321259765
1,1375334633,equal_phase,2,0.9989991179646964
1,1375334633,equal_phase,3,0.994150752447976
1,1375334633,equal_phase,4,0.9842731887524202
1,1375334633,equal_phase,5,0.9735754892483887
1,1375334633,equal_phase,6,0.9523742056707121
1,1375334633,equal_phase,7,0.901560064477033
1,1375334633,equal_phase,8,0.8135752609565124
1,1375334633,equal_phase,9,0.7230061916499162
1,1375334633,equal_phase,10,0.6229654036339634
1,1375334633,equal_phase,11,0.5596746613596544
1,1375334633,equal_phase,12,0.493925000076465
1,1375334633,equal_phase,13,0.48323012934153065
1,1375334633,equal_phase,14,0.4377037884343302
1,1375334633,equal_phase,15,0.39211490369494695
1,1375334633,equal_phase,16,0.3510921632346208
1,1375334633,equal_phase,17,0.30885460953497806
1,1375334633,equal_phase,18,0.2936829340204197
1,1375334633,equal_phase,19,0.31236172163881065
1,1375334633,equal_phase,20,0.29058900540032273
2,707736772,drive_orthogonal,1,0.9987660527978174
2,707736772,drive_orthogonal,2,0.9941990103858545
2,707736772,drive_orthogonal,3,0.98467561750701
2,707736772,drive_orthogonal,4,0.9655189431874139
2,707736772,drive_orthogonal,5,0.942098679151419
2,707736772,drive_orthogonal,6,0.8964091561628551
2,707736772,drive_orthogonal,7,0.8192125989091594
2,707736772,drive_orthogonal,8,0.8050355216267162
2,707736772,drive_orthogonal,9,0.7363326898291083
2,707736772,drive_orthogonal,10,0.6370421997049827
2,707736772,drive_orthogonal,11,0.6100219539986143
2,707736772,drive_orthogonal,12,0.44998522109511013
2,707736772,drive_orthogonal,13,0.4847726426725715
2,707736772,drive_orthogonal,14,0.4553326284782839
2,707736772,drive_orthogonal,15,0.4219812703039462
2,707736772,drive_orthogonal,16,0.38104489106347483
2,707736772,drive_orthogonal,17,0.28179747280471723
2,707736772,drive_orthogonal,18,0.24994921661807337
2,707736772,drive_orthogonal,19,0.2703375284938489
2,707736772,drive_orthogonal,20,0.1251105551223736
2,707736772,equal_phase,1,0.9998876584771816
2,707736772,equal_phase,2,0.9988922148293633
2,707736772,equal_phase,3,0.994376994945854
2,707736772,equal_phase,4,0.9819298022693433
2,707736772,equal_phase,5,0.9691074582839716
2,707736772,equal_phase,6,0.9650644756839933
2,707736772,equal_phase,7,0.9363110233196988
2,707736772,equal_phase,8,0.8666492780952952
2,707736772,equal_phase,9,0.8401820976566423
2,707736772,equal_phase,10,0.8314325172132275
2,707736772,equal_phase,11,0.7636462018518013
2,707736772,equal_phase,12,0.6242629597835497
2,707736772,equal_phase,13,0.6399154503507924
2,707736772,equal_phase,14,0.592188925489768
2,707736772,equal_phase,15,0.5225725404292729
2,707736772,equal_phase,16,0.4962687863114688
2,707736772,equal_phase,17,0.4928138780979373
2,707736772,equal_phase,18,0.4434025660587852
2,707736772,equal_phase,19,0.44508851691310825
2,707736772,equal_phase,20,0.3604636269363015
3,1133846500,drive_orthogonal,1,0.9984205067511913
3,1133846500,drive_orthogonal,2,0.992575457735387
3,1133846500,drive_orthogonal,3,0.9794113283981606
3,1133846500,drive_orthogonal,4,0.9515837894196578
3,1133846500,drive_orthogonal,5,0.9178831994275507
3,1133846500,drive_orthogonal,6,0.8849617454920062
3,1133846500,drive_orthogonal,7,0.8315049525101789
3,1133846500,drive_orthogonal,8,0.7897051296090456
3,1133846500,drive_orthogonal,9,0.6974777503036675
3,1133846500,drive_orthogonal,10,0.6723311508391033
3,1133846500,drive_orthogonal,11,0.6448301705406517
3,1133846500,drive_orthogonal,12,0.5716759545580222
3,1133846500,drive_orthogonal,13,0.556285730755693
3,1133846500,drive_orthogonal,14,0.4714545271304805
3,1133846500,drive_orthogonal,15,0.47996610692914393
3,1133846500,drive_orthogonal,16,0.4056323090667311
3,1133846500,drive_orthogonal,17,0.36048844580457656
3,1133846500,drive_orthogonal,18,0.31116899812237064
3,1133846500,drive_orthogonal,19,0.32350738617313
3,1133846500,drive_orthogonal,20,0.19940733722705148
3,1133846500,equal_phase,1,0.9997869283023452
3,1133846500,equal_phase,2,0.997873576078447
3,1133846500,equal_phase,3,0.9854788540471727
3,1133846500,equal_phase,4,0.9566341939171534
3,1133846500,equal_phase,5,0.9015981061045548
3,1133846500,equal_phase,6,0.8356554722547085
3,1133846500,equal_phase,7,0.7373463103520044
3,1133846500,equal_phase,8,0.673389281838948
3,1133846500,equal_phase,9,0.656390873362336
3,1133846500,equal_phase,10,0.5953208361639242
3,1133846500,equal_phase,11,0.584934085462443
3,1133846500,equal_phase,12,0.5702668084726888
3,1133846500,equal_phase,13,0.5405373896452818
3,1133846500,equal_phase,14,0.5316000444038194
3,1133846500,equal_phase,15,0.45900638316487746
3,1133846500,equal_phase,16,0.5060152361409331
3,1133846500,equal_phase,17,0.4295863211483205
3,1133846500,equal_phase,18,0.4250764953452744
3,1133846500,equal_phase,19,0.39599608230495
3,1133846500,equal_phase,20,0.37107751432747965
4,365211353,drive_orthogonal,1,0.9985653583987939
4,365211353,drive_orthogonal,2,0.9913529876915255
4,365211353,drive_orthogonal,3,0.981201099451682
4,365211353,drive_orthogonal,4,0.9650163259721645
4,365211353,drive_orthogonal,5,0.9319883458265218
4,365211353,drive_orthogonal,6,0.8988287205152045
4,365211353,drive_orthogonal,7,0.8659146804080554
4,365211353,drive_orthogonal,8,0.7992541796089738
4,365211353,drive_orthogonal,9,0.7271387259101982
4,365211353,drive_orthogonal,10,0.6981201124398999
4,365211353,drive_orthogonal,11,0.593046635820595
4,365211353,drive_orthogonal,12,0.4881421834090565
4,365211353,drive_orthogonal,13,0.453578914199705
4,365211353,drive_orthogonal,14,0.31316483356770314
4,365211353,drive_orthogonal,15,0.2288370803273258
4,365211353,drive_orthogonal,16,0.19744219210027275
4,365211353,drive_orthogonal,17,0.19197128934619107
4,365211353,drive_orthogonal,18,0.1663979072657297
4,365211353,drive_orthogonal,19,0.11766424110236846
4,365211353,drive_orthogonal,20,0.08848473506754413
4,365211353,equal_phase,1,0.9999140337409269
4,365211353,equal_phase,2,0.9994226359938145
4,365211353,equal_phase,3,0.9982824911859935
4,365211353,equal_phase,4,0.9963732173877213
4,365211353,equal_phase,5,0.9929669987729588
4,365211353,equal_phase,6,0.9851156406930235
4,365211353,equal_phase,7,0.9818422670273703
4,365211353,equal_phase,8,0.9753668216303545
4,365211353,equal_phase,9,0.9512971997745415
4,365211353,equal_phase,10,0.8908069068803898
4,365211353,equal_phase,11,0.8542886813687806
4,365211353,equal_phase,12,0.8153077394279865
4,365211353,equal_phase,13,0.7147049041647543
4,365211353,equal_phase,14,0.6495621940193106
4,365211353,equal_phase,15,0.4865768039478682
4,365211353,equal_phase,16,0.44955660020841776
4,365211353,equal_phase,17,0.27241256948261144
4,365211353,equal_phase,18,0.33988857221816654
4,365211353,equal_phase,19,0.19950183768378696
4,365211353,equal_phase,20,0.14135599114360245
5,878523603,drive_orthogonal,1,0.9991986426036821
5,878523603,drive_orthogonal,2,0.9951055715310044
5,878523603,drive_orthogonal,3,0.9829819944256898
5,878523603,drive_orthogonal,4,0.9445715324169693
5,878523603,drive_orthogonal,5,0.890650857467119
5,878523603,drive_orthogonal,6,0.8540845566501885
5,878523603,drive_orthogonal,7,0.8318347893543739
5,878523603,drive_orthogonal,8,0.7732590463274656
5,878523603,drive_orthogonal,9,0.6925919360831228
5,878523603,drive_orthogonal,10,0.6085891896128948
5,878523603,drive_orthogonal,11,0.4890881231878322
5,878523603,drive_orthogonal,12,0.3992190221466407
5,878523603,drive_orthogonal,13,0.3660096942430519
5,878523603,drive_orthogonal,14,0.26267554274702065
5,878523603,drive_orthogonal,15,0.17063951581106254
5,878523603,drive_orthogonal,16,0.14015070703744847
5,878523603,drive_orthogonal,17,0.1441824837797853
5,878523603,drive_orthogonal,18,0.0765360602426211
5,878523603,drive_orthogonal,19,0.046443828469936985
5,878523603,drive_orthogonal,20,0.007963889079868577
5,878523603,equal_phase,1,0.9999030017782833
5,878523603,equal_phase,2,0.9993930820051655
5,878523603,equal_phase,3,0.9980322647194709
5,878523603,equal_phase,4,0.9947832681107769
5,878523603,equal_phase,5,0.9926769519492743
5,878523603,equal_phase,6,0.9863849712553369
5,878523603,equal_phase,7,0.9660507687797435
5,878523603,equal_phase,8,0.9295744191524191
5,878523603,equal_phase,9,0.8808522080992925
5,878523603,equal_phase,10,0.8234822484526605
5,878523603,equal_phase,11,0.7087225268230337
5,878523603,equal_phase,12,0.6409301376064646
5,878523603,equal_phase,13,0.6207205336798292
5,878523603,equal_phase,14,0.6114292957882105
5,878523603,equal_phase,15,0.5302799626090883
5,878523603,equal_phase,16,0.4515396618797995
5,878523603,equal_phase,17,0.3996621545455673
5,878523603,equal_phase,18,0.4111943086533149
5,878523603,equal_phase,19,0.3647064944197603
5,878523603,equal_phase,20,0.23791020799845544
6,457552621,drive_orthogonal,1,0.9988943168767888
6,457552621,drive_orthogonal,2,0.991757803066843
6,457552621,drive_orthogonal,3,0.9760185013952082
6,457552621,drive_orthogonal,4,0.9529994262172561
6,457552621,drive_orthogonal,5,0.9185520391015807
6,457552621,drive_orthogonal,6,0.8287864160874641
6,457552621,drive_orthogonal,7,0.7347658468140269
6,457552621,drive_orthogonal,8,0.7129448508327643
6,457552621,drive_orthogonal,9,0.6041608616532345
6,457552621,drive_orthogonal,10,0.5593612502079474
6,457552621,drive_orthogonal,11,0.4892662074508548
6,457552621,drive_orthogonal,12,0.433359318339858
6,457552621,drive_orthogonal,13,0.351654122644149
6,457552621,drive_orthogonal,14,0.27987743198249054
6,457552621,drive_orthogonal,15,0.31364794868858537
6,457552621,drive_orthogonal,16,0.2690037870235991
6,457552621,drive_orthogonal,17,0.22301013239289716
6,457552621,drive_orthogonal,18,0.1221542948715109
6,457552621,drive_orthogonal,19,0.07244411112558832
6,457552621,drive_orthogonal,20,0.04736682972732315
6,457552621,equal_phase,1,0.9997961455378658
6,457552621,equal_phase,2,0.9973017732232202
6,457552621,equal_phase,3,0.9917144007142727
6,457552621,equal_phase,4,0.9878911927249981
6,457552621,equal_phase,5,0.9603185419062238
6,457552621,equal_phase,6,0.8662855898582237
6,457552621,equal_phase,7,0.7132553289405285
6,457552621,equal_phase,8,0.6104145171947175
6,457552621,equal_phase,9,0.5987274509354427
6,457552621,equal_phase,10,0.5493863721967719
6,457552621,equal_phase,11,0.521086863577835
6,457552621,equal_phase,12,0.4307872045302705
6,457552621,equal_phase,13,0.46199492764024047
6,457552621,equal_phase,14,0.4293308252001012
6,457552621,equal_phase,15,0.3931965372573019
6,457552621,equal_phase,16,0.3798301420762417
6,457552621,equal_phase,17,0.34336357211277835
6,457552621,equal_phase,18,0.31189816082114286
6,457552621,equal_phase,19,0.30524286461434336
6,457552621,equal_phase,20,0.24442011344262218
7,363662622,drive_orthogonal,1,0.9996507427710898
7,363662622,drive_orthogonal,2,0.9969976231003056
7,363662622,drive_orthogonal,3,0.9883882946476913
7,363662622,drive_orthogonal,4,0.9725240287301612
7,363662622,drive_orthogonal,5,0.9445173006820057
7,363662622,drive_orthogonal,6,0.9016845543954102
7,363662622,drive_orthogonal,7,0.839112040315552
7,363662622,drive_orthogonal,8,0.7817181803276989
7,363662622,drive_orthogonal,9,0.6841871433974588
7,363662622,drive_orthogonal,10,0.6564195274296267
7,363662622,drive_orthogonal,11,0.5860602956980541
7,363662622,drive_orthogonal,12,0.40416244671767415
7,363662622,drive_orthogonal,13,0.3956773105558605
7,363662622,drive_orthogonal,14,0.3048426428602109
7,363662622,drive_orthogonal,15,0.18808899326860895
7,363662622,drive_orthogonal,16,0.10508732701266872
7,363662622,drive_orthogonal,17,0.07347435434435633
7,363662622,drive_orthogonal,18,0.06393928949905206
7,363662622,drive_orthogonal,19,0.04147107610382892
7,363662622,drive_orthogonal,20,0.022948999574224478
7,363662622,equal_phase,1,0.9999405552064886
7,363662622,equal_phase,2,0.9994507919546787
7,363662622,equal_phase,3,0.9978991891523102
7,363662622,equal_phase,4,0.9917069959109385
7,363662622,equal_phase,5,0.972447161401426
7,363662622,equal_phase,6,0.9469081285909579
7,363662622,equal_phase,7,0.912956634995056
7,363662622,equal_phase,8,0.8529196853228045
7,363662622,equal_phase,9,0.7541778709336074
7,363662622,equal_phase,10,0.6672023579244276
7,363662622,equal_phase,11,0.5838221149184512
7,363662622,equal_phase,12,0.5224173424974082
7,363662622,equal_phase,13,0.5143383383740887
7,363662622,equal_phase,14,0.427605057813657
7,363662622,equal_phase,15,0.42605435887545523
7,363662622,equal_phase,16,0.38518810141848675
7,363662622,equal_phase,17,0.3254024047668995
7,363662622,equal_phase,18,0.3349820783347673
7,363662622,equal_phase,19,0.27785024817563847
7,363662622,equal_phase,20,0.22107644695625622
8,853972123,drive_orthogonal,1,0.9991887836085354
8,853972123,drive_orthogonal,2,0.994946530199826
8,853972123,drive_orthogonal,3,0.9849142256051776
8,853972123,drive_orthogonal,4,0.9736324875304759
8,853972123,drive_orthogonal,5,0.9469862209973513
8,853972123,drive_orthogonal,6,0.8728894247850707
8,853972123,drive_orthogonal,7,0.787923131681333
8,853972123,drive_orthogonal,8,0.7451305290675929
8,853972123,drive_orthogonal,9,0.7272435084851832
8,853972123,drive_orthogonal,10,0.638316567196249
8,853972123,drive_orthogonal,11,0.644221185470603
8,853972123,drive_orthogonal,12,0.6069398033303185
8,853972123,drive_orthogonal,13,0.5643061346514098
8,853972123,drive_orthogonal,14,0.4600157381636328
8,853972123,drive_orthogonal,15,0.32164606308497024
8,853972123,drive_orthogonal,16,0.2237946331483093
8,853972123,drive_orthogonal,17,0.2542343797192217
8,853972123,drive_orthogonal,18,0.22247075184297524
8,853972123,drive_orthogonal,19,0.11518867683861159
8,853972123,drive_orthogonal,20,0.06065008689131286
8,853972123,equal_phase,1,0.9995708821887287
8,853972123,equal_phase,2,0.9949394153500966
8,853972123,equal_phase,3,0.9772062780135891
8,853972123,equal_phase,4,0.9365807826520779
8,853972123,equal_phase,5,0.8862161101481819
8,853972123,equal_phase,6,0.8404525500117088
8,853972123,equal_phase,7,0.818811948775406
8,853972123,equal_phase,8,0.7884625870293708
8,853972123,equal_phase,9,0.7009997137837954
8,853972123,equal_phase,10,0.6531673508950006
8,853972123,equal_phase,11,0.7029969840134493
8,853972123,equal_phase,12,0.6618164775771571
8,853972123,equal_phase,13,0.6080341923311154
8,853972123,equal_phase,14,0.6565078381490017
8,853972123,equal_phase,15,0.581158532842966
8,853972123,equal_phase,16,0.5944064916505603
8,853972123,equal_phase,17,0.5620835567606826
8,853972123,equal_phase,18,0.5135315512489684
8,853972123,equal_phase,19,0.45322110390492215
8,853972123,equal_phase,20,0.356048146266954
9,1403843447,drive_orthogonal,1,0.999483783462645
9,1403843447,drive_orthogonal,2,0.997090706017951
9,1403843447,drive_orthogonal,3,0.9946716548335475
9,1403843447,drive_orthogonal,4,0.9810456779550063
9,1403843447,drive_orthogonal,5,0.9507279157099459
9,1403843447,drive_orthogonal,6,0.9201680860876225
9,1403843447,drive_orthogonal,7,0.8769225271272977
9,1403843447,drive_orthogonal,8,0.7850674971432613
9,1403843447,drive_orthogonal,9,0.7687165417540998
9,1403843447,drive_orthogonal,10,0.7742763321652225
9,1403843447,drive_orthogonal,11,0.6436548699412142
9,1403843447,drive_orthogonal,12,0.5055456656277513
9,1403843447,drive_orthogonal,13,0.4195259879681251
9,1403843447,drive_orthogonal,14,0.3080029516162
9,1403843447,drive_orthogonal,15,0.174391428766288
9,1403843447,drive_orthogonal,16,0.07986371373291869
9,1403843447,drive_orthogonal,17,0.06316305913460185
9,1403843447,drive_orthogonal,18,0.004777465098902902
9,1403843447,drive_orthogonal,19,0.0006959434316519585
9,1403843447,drive_orthogonal,20,0.0025914311188584382
9,1403843447,equal_phase,1,0.9998555074183032
9,1403843447,equal_phase,2,0.9991803507014095
9,1403843447,equal_phase,3,0.9985712560849354
9,1403843447,equal_phase,4,0.9977290982920038
9,1403843447,equal_phase,5,0.9955227100972598
9,1403843447,equal_phase,6,0.9931409944255679
9,1403843447,equal_phase,7,0.9798833418614185
9,1403843447,equal_phase,8,0.9630187914746378
9,1403843447,equal_phase,9,0.9658509794321374
9,1403843447,equal_phase,10,0.9597119286128393
9,1403843447,equal_phase,11,0.9241156431147072
9,1403843447,equal_phase,12,0.8239290661914374
9,1403843447,equal_phase,13,0.7431198127088993
9,1403843447,equal_phase,14,0.5744991361293109
9,1403843447,equal_phase,15,0.49221032540433357
9,1403843447,equal_phase,16,0.397012910471717
9,1403843447,equal_phase,17,0.28547551516607106
9,1403843447,equal_phase,18,0.2113924321296875
9,1403843447,equal_phase,19,0.12085755442293297
9,1403843447,equal_phase,20,0.07509798113090266
10,151336801,drive_orthogonal,1,0.9991233767855127
10,151336801,drive_orthogonal,2,0.9938308818278524
10,151336801,drive_orthogonal,3,0.9747787500278349
10,151336801,drive_orthogonal,4,0.9303790409763603
10,151336801,drive_orthogonal,5,0.8774275073230816
10,151336801,drive_orthogonal,6,0.8298185424218897
10,151336801,drive_orthogonal,7,0.7453242033678511
10,151336801,drive_orthogonal,8,0.6912804920272684
10,151336801,drive_orthogonal,9,0.6388810622991759
10,151336801,drive_orthogonal,10,0.5868733517447832
10,151336801,drive_orthogonal,11,0.5057020524750045
10,151336801,drive_orthogonal,12,0.4189079784035954
10,151336801,drive_orthogonal,13,0.39543605144989424
10,151336801,drive_orthogonal,14,0.31675189050065816
10,151336801,drive_orthogonal,15,0.290386219076042
10,151336801,drive_orthogonal,16,0.20945321327362282
10,151336801,drive_orthogonal,17,0.17208556820064186
10,151336801,drive_orthogonal,18,0.18766690612823955
10,151336801,drive_orthogonal,19,0.10471528058512199
10,151336801,drive_orthogonal,20,0.03742734677408708
10,151336801,equal_phase,1,0.9996792250864132
10,151336801,equal_phase,2,0.9962871319275683
10,151336801,equal_phase,3,0.9799790454438949
10,151336801,equal_phase,4,0.9220536830755238
10,151336801,equal_phase,5,0.8760505435395092
10,151336801,equal_phase,6,0.7797323928548199
10,151336801,equal_phase,7,0.6870343986653068
10,151336801,equal_phase,8,0.6574059797134184
10,151336801,equal_phase,9,0.6634867105630403
10,151336801,equal_phase,10,0.6524769974241319
10,151336801,equal_phase,11,0.5825244381872499
10,151336801,equal_phase,12,0.5432127973378481
10,151336801,equal_phase,13,0.47788503733136556
10,151336801,equal_phase,14,0.4773122332352408
10,151336801,equal_phase,15,0.4599737407005532
10,151336801,equal_phase,16,0.4223779878605855
10,151336801,equal_phase,17,0.4103000603269406
10,151336801,equal_phase,18,0.3483531504228316
10,151336801,equal_phase,19,0.32420558275141165
10,151336801,equal_phase,20,0.29467665292407613
11,1991628836,drive_orthogonal,1,0.998388702673822
11,1991628836,drive_orthogonal,2,0.9893223825938946
11,1991628836,drive_orthogonal,3,0.973045312133957
11,1991628836,drive_orthogonal,4,0.9481262017285643
11,1991628836,drive_orthogonal,5,0.9024083559982062
11,1991628836,drive_orthogonal,6,0.8152820583890544
11,1991628836,drive_orthogonal,7,0.7558552695814477
11,1991628836,drive_orthogonal,8,0.7335777884259478
11,1991628836,drive_orthogonal,9,0.662455774548355
11,1991628836,drive_orthogonal,10,0.5713854100122435
11,1991628836,drive_orthogonal,11,0.5519417592715936
11,1991628836,drive_orthogonal,12,0.4496918438340721
11,1991628836,drive_orthogonal,13,0.33511151582460774
11,1991628836,drive_orthogonal,14,0.276471510613867
11,1991628836,drive_orthogonal,15,0.26119319560993753
11,1991628836,drive_orthogonal,16,0.21093218472117345
11,1991628836,drive_orthogonal,17,0.17332141089756214
11,1991628836,drive_orthogonal,18,0.08677864188142272
11,1991628836,drive_orthogonal,19,0.03178171257956249
11,1991628836,drive_orthogonal,20,0.026220727225673434
11,1991628836,equal_phase,1,0.9998571476601865
11,1991628836,equal_phase,2,0.9989105326309068
11,1991628836,equal_phase,3,0.9963505933999357
11,1991628836,equal_phase,4,0.9918170215603024
11,1991628836,equal_phase,5,0.9789689454649494
11,1991628836,equal_phase,6,0.9488983690040546
11,1991628836,equal_phase,7,0.9038607229659305
11,1991628836,equal_phase,8,0.8715002214848069
11,1991628836,equal_phase,9,0.8611806325283814
11,1991628836,equal_phase,10,0.8185154660054668
11,1991628836,equal_phase,11,0.7675626628733916
11,1991628836,equal_phase,12,0.7078813874918993
11,1991628836,equal_phase,13,0.6952411786683925
11,1991628836,equal_phase,14,0.5933683829347649
11,1991628836,equal_phase,15,0.6377502522160747
11,1991628836,equal_phase,16,0.5623522003948266
11,1991628836,equal_phase,17,0.4458074714793813
11,1991628836,equal_phase,18,0.47561964108222693
11,1991628836,equal_phase,19,0.33746251383041953
11,1991628836,equal_phase,20,0.29471139362632964
12,1627319819,drive_orthogonal,1,0.9981371832261683
12,1627319819,drive_orthogonal,2,0.9852938054556349
12,1627319819,drive_orthogonal,3,0.9635566826253636
12,1627319819,drive_orthogonal,4,0.9458454252498006
12,1627319819,drive_orthogonal,5,0.9002920451646832
12,1627319819,drive_orthogonal,6,0.842607846201241
12,1627319819,drive_orthogonal,7,0.7851676935599956
12,1627319819,drive_orthogonal,8,0.7134915466231033
12,1627319819,drive_orthogonal,9,0.6501597982031506
12,1627319819,drive_orthogonal,10,0.611222297135402
12,1627319819,drive_orthogonal,11,0.5668844410209053
12,1627319819,drive_orthogonal,12,0.5141514708452005
12,1627319819,drive_orthogonal,13,0.4771490712273054
12,1627319819,drive_orthogonal,14,0.3558957554674083
12,1627319819,drive_orthogonal,15,0.32931656556208627
12,1627319819,drive_orthogonal,16,0.24496381574236173
12,1627319819,drive_orthogonal,17,0.24714329141008487
12,1627319819,drive_orthogonal,18,0.15074783477995513
12,1627319819,drive_orthogonal,19,0.16464376821238444
12,1627319819,drive_orthogonal,20,0.09418652758724866
12,1627319819,equal_phase,1,0.9993446921507877
12,1627319819,equal_phase,2,0.9942697195407871
12,1627319819,equal_phase,3,0.9791590218047626
12,1627319819,equal_phase,4,0.9338571368280537
12,1627319819,equal_phase,5,0.8451979271177228
12,1627319819,equal_phase,6,0.7524930835680829
12,1627319819,equal_phase,7,0.6757056582730128
12,1627319819,equal_phase,8,0.6362555418229918
12,1627319819,equal_phase,9,0.6144289653717868
12,1627319819,equal_phase,10,0.5425888376787049
12,1627319819,equal_phase,11,0.5218157038686697
12,1627319819,equal_phase,12,0.4872130168396419
12,1627319819,equal_phase,13,0.46641263521586535
12,1627319819,equal_phase,14,0.4223926085770233
12,1627319819,equal_phase,15,0.451609718901924
12,1627319819,equal_phase,16,0.3979212624099063
12,1627319819,equal_phase,17,0.38771332128263986
12,1627319819,equal_phase,18,0.3333413623505001
12,1627319819,equal_phase,19,0.38695390057182477
12,1627319819,equal_phase,20,0.307685014575305
13,336852480,drive_orthogonal,1,0.9990576993379905
13,336852480,drive_orthogonal,2,0.9961736520143352
13,336852480,drive_orthogonal,3,0.9820286102714774
13,336852480,drive_orthogonal,4,0.9648067778570877
13,336852480,drive_orthogonal,5,0.9366090251216879
13,336852480,drive_orthogonal,6,0.8813839351720638
13,336852480,drive_orthogonal,7,0.7971386512057441
13,336852480,drive_orthogonal,8,0.7236106995219493
13,336852480,drive_orthogonal,9,0.5237974925798373
13,336852480,drive_orthogonal,10,0.5153200390220831
13,336852480,drive_orthogonal,11,0.41799043857205054
13,336852480,drive_orthogonal,12,0.40983113763415685
13,336852480,drive_orthogonal,13,0.32644175044095247
13,336852480,drive_orthogonal,14,0.35737032082555975
13,336852480,drive_orthogonal,15,0.27593970767943127
13,336852480,drive_orthogonal,16,0.266180856058628
13,336852480,drive_orthogonal,17,0.24137951650422715
13,336852480,drive_orthogonal,18,0.2019595374161659
13,336852480,drive_orthogonal,19,0.18655128536034776
13,336852480,drive_orthogonal,20,0.10903353555325832
13,336852480,equal_phase,1,0.9998430280524933
13,336852480,equal_phase,2,0.9991049898241631
13,336852480,equal_phase,3,0.9959722798084654
13,336852480,equal_phase,4,0.9834063253075428
13,336852480,equal_phase,5,0.9552487365207117
13,336852480,equal_phase,6,0.9295916645416398
13,336852480,equal_phase,7,0.8885353597332136
13,336852480,equal_phase,8,0.7955638377221312
13,336852480,equal_phase,9,0.7195533240803303
13,336852480,equal_phase,10,0.672511209699052
13,336852480,equal_phase,11,0.6041692725044154
13,336852480,equal_phase,12,0.5679602892697668
13,336852480,equal_phase,13,0.47795512201429263
13,336852480,equal_phase,14,0.42354839897750063
13,336852480,equal_phase,15,0.417548632479695
13,336852480,equal_phase,16,0.36958268145288586
13,336852480,equal_phase,17,0.33932115097265664
13,336852480,equal_phase,18,0.26925557261723926
13,336852480,equal_phase,19,0.27181614379327024
13,336852480,equal_phase,20,0.20905818536822143
14,1454963355,drive_orthogonal,1,0.9974107517903347
14,1454963355,drive_orthogonal,2,0.9843292902626896
14,1454963355,drive_orthogonal,3,0.9434865975526784
14,1454963355,drive_orthogonal,4,0.8992398888094033
14,1454963355,drive_orthogonal,5,0.862791009690551
14,1454963355,drive_orthogonal,6,0.8263249091773858
14,1454963355,drive_orthogonal,7,0.7252672162414947
14,1454963355,drive_orthogonal,8,0.6435202541290659
14,1454963355,drive_orthogonal,9,0.5485409909441598
14,1454963355,drive_orthogonal,10,0.5149049352456992
14,1454963355,drive_orthogonal,11,0.4607927147399643
14,1454963355,drive_orthogonal,12,0.42031867527245936
14,1454963355,drive_orthogonal,13,0.3858242676488891
14,1454963355,drive_orthogonal,14,0.3438964519084209
14,1454963355,drive_orthogonal,15,0.3182572868017075
14,1454963355,drive_orthogonal,16,0.2719492281504827
14,1454963355,drive_orthogonal,17,0.2617339195753633
14,1454963355,drive_orthogonal,18,0.20457357939195733
14,1454963355,drive_orthogonal,19,0.22977622316403906
14,1454963355,drive_orthogonal,20,0.1649452486375482
14,1454963355,equal_phase,1,0.9997007392491674
14,1454963355,equal_phase,2,0.9967803244429131
14,1454963355,equal_phase,3,0.9883634682221648
14,1454963355,equal_phase,4,0.9713516810395506
14,1454963355,equal_phase,5,0.9156213072698376
14,1454963355,equal_phase,6,0.8147347396689183
14,1454963355,equal_phase,7,0.7356799872726059
14,1454963355,equal_phase,8,0.716300886102776
14,1454963355,equal_phase,9,0.6614651662606094
14,1454963355,equal_phase,10,0.6264105046876102
14,1454963355,equal_phase,11,0.5782663235621539
14,1454963355,equal_phase,12,0.5667062324958171
14,1454963355,equal_phase,13,0.5259076844128314
14,1454963355,equal_phase,14,0.5298600289618264
14,1454963355,equal_phase,15,0.47049015974692465
14,1454963355,equal_phase,16,0.4963895770104018
14,1454963355,equal_phase,17,0.4823173053811088
14,1454963355,equal_phase,18,0.4668541902006173
14,1454963355,equal_phase,19,0.46810516539835245
14,1454963355,equal_phase,20,0.4449811579108042
15,203675062,drive_orthogonal,1,0.9993724405709462
15,203675062,drive_orthogonal,2,0.9944803085196422
15,203675062,drive_orthogonal,3,0.9738395326620188
15,203675062,drive_orthogonal,4,0.9417927160823817
15,203675062,drive_orthogonal,5,0.8883528665134606
15,203675062,drive_orthogonal,6,0.8219530535973901
15,203675062,drive_orthogonal,7,0.7801161919062545
15,203675062,drive_orthogonal,8,0.7009949064343732
15,203675062,drive_orthogonal,9,0.6004898597973544
15,203675062,drive_orthogonal,10,0.45604491484879284
15,203675062,drive_orthogonal,11,0.4637250635845988
15,203675062,drive_orthogonal,12,0.36921736033186425
15,203675062,drive_orthogonal,13,0.4040893176194464
15,203675062,drive_orthogonal,14,0.3269058918039992
15,203675062,drive_orthogonal,15,0.33470762799466514
15,203675062,drive_orthogonal,16,0.21030342732327056
15,203675062,drive_orthogonal,17,0.13621089174571316
15,203675062,drive_orthogonal,18,0.09746904214016364
15,203675062,drive_orthogonal,19,0.14017230496565772
15,203675062,drive_orthogonal,20,0.10216403552618113
15,203675062,equal_phase,1,0.9997532969409955
15,203675062,equal_phase,2,0.9978716378217338
15,203675062,equal_phase,3,0.9932120483897635
15,203675062,equal_phase,4,0.9857405588831919
15,203675062,equal_phase,5,0.9495658318909638
15,203675062,equal_phase,6,0.855423574243503
15,203675062,equal_phase,7,0.7362008868422953
15,203675062,equal_phase,8,0.6567406719238098
15,203675062,equal_phase,9,0.6052501915357339
15,203675062,equal_phase,10,0.5836525695733726
15,203675062,equal_phase,11,0.5560941197485735
15,203675062,equal_phase,12,0.5216228969189086
15,203675062,equal_phase,13,0.5001511099706528
15,203675062,equal_phase,14,0.440862583722744
15,203675062,equal_phase,15,0.4128357209851576
15,203675062,equal_phase,16,0.3265742865005894
15,203675062,equal_phase,17,0.36808616618769124
15,203675062,equal_phase,18,0.33848071621633946
15,203675062,equal_phase,19,0.2951797646226788
15,203675062,equal_phase,20,0.2952948476857532
16,93339074,drive_orthogonal,1,0.9982177148126484
16,93339074,drive_orthogonal,2,0.9860052785845648
16,93339074,drive_orthogonal,3,0.9620340777765739
16,93339074,drive_orthogonal,4,0.9188643300645203
16,93339074,drive_orthogonal,5,0.8631021798678619
16,93339074,drive_orthogonal,6,0.7579000976524433
16,93339074,drive_orthogonal,7,0.6939925055772395
16,93339074,drive_orthogonal,8,0.7236381628392814
16,93339074,drive_orthogonal,9,0.6581890719487139
16,93339074,drive_orthogonal,10,0.584438503441433
16,93339074,drive_orthogonal,11,0.49976907329839704
16,93339074,drive_orthogonal,12,0.45304412937477456
16,93339074,drive_orthogonal,13,0.40720648008627
16,93339074,drive_orthogonal,14,0.38181331766594356
16,93339074,drive_orthogonal,15,0.3257784066545325
16,93339074,drive_orthogonal,16,0.2976548516539303
16,93339074,drive_orthogonal,17,0.31160259986236044
16,93339074,drive_orthogonal,18,0.20025191544663026
16,93339074,drive_orthogonal,19,0.2000577612048268
16,93339074,drive_orthogonal,20,0.1753978363004433
16,93339074,equal_phase,1,0.9997908533970572
16,93339074,equal_phase,2,0.9984238677523543
16,93339074,equal_phase,3,0.9934643886421914
16,93339074,equal_phase,4,0.9792482566560272
16,93339074,equal_phase,5,0.9491965028836822
16,93339074,equal_phase,6,0.9079821134028584
16,93339074,equal_phase,7,0.8412261791893704
16,93339074,equal_phase,8,0.7557069241526224
16,93339074,equal_phase,9,0.6809917635779915
16,93339074,equal_phase,10,0.6271075272401886
16,93339074,equal_phase,11,0.5806440418734383
16,93339074,equal_phase,12,0.5674179976172214
16,93339074,equal_phase,13,0.5608928642166935
16,93339074,equal_phase,14,0.4955121658966549
16,93339074,equal_phase,15,0.4932988286731841
16,93339074,equal_phase,16,0.412216022415344
16,93339074,equal_phase,17,0.3938692301090943
16,93339074,equal_phase,18,0.3569991920315894
16,93339074,equal_phase,19,0.35747492741706444
16,93339074,equal_phase,20,0.32472869340760163
17,8147085,drive_orthogonal,1,0.9980470601051379
17,8147085,drive_orthogonal,2,0.9892645715168498
17,8147085,drive_orthogonal,3,0.9705350049031746
17,8147085,drive_orthogonal,4,0.9326157590077431
17,8147085,drive_orthogonal,5,0.8783778710532257
17,8147085,drive_orthogonal,6,0.8134656633721578
17,8147085,drive_orthogonal,7,0.7637970508051494
17,8147085,drive_orthogonal,8,0.7073539953710946
17,8147085,drive_orthogonal,9,0.6326208395999032
17,8147085,drive_orthogonal,10,0.5450091081110996
17,8147085,drive_orthogonal,11,0.4760347910304064
17,8147085,drive_orthogonal,12,0.494061279351549
17,8147085,drive_orthogonal,13,0.43069674172352546
17,8147085,drive_orthogonal,14,0.3889688407142058
17,8147085,drive_orthogonal,15,0.35320120657186604
17,8147085,drive_orthogonal,16,0.40085250880467094
17,8147085,drive_orthogonal,17,0.2542924780319668
17,8147085,drive_orthogonal,18,0.2213596111393419
17,8147085,drive_orthogonal,19,0.23187436683334622
17,8147085,drive_orthogonal,20,0.18651811798090887
17,8147085,equal_phase,1,0.999778489656307
17,8147085,equal_phase,2,0.9981180637712493
17,8147085,equal_phase,3,0.9940193606576689
17,8147085,equal_phase,4,0.9883408482150776
17,8147085,equal_phase,5,0.9797026001749854
17,8147085,equal_phase,6,0.9568377889465236
17,8147085,equal_phase,7,0.9185264899089799
17,8147085,equal_phase,8,0.886962622725872
17,8147085,equal_phase,9,0.8258628017722863
17,8147085,equal_phase,10,0.7801924030179418
17,8147085,equal_phase,11,0.7706496162965947
17,8147085,equal_phase,12,0.7605337420468643
17,8147085,equal_phase,13,0.6468917332431438
17,8147085,equal_phase,14,0.6272028990846883
17,8147085,equal_phase,15,0.6205703081507702
17,8147085,equal_phase,16,0.5264316868839866
17,8147085,equal_phase,17,0.5794042482935826
17,8147085,equal_phase,18,0.4532488165442855
17,8147085,equal_phase,19,0.4016979991327547
17,8147085,equal_phase,20,0.33668175147110146
18,264759322,drive_orthogonal,1,0.9980762332186821
18,264759322,drive_orthogonal,2,0.9891733206411542
18,264759322,drive_orthogonal,3,0.9643120897720698
18,264759322,drive_orthogonal,4,0.9147417923351071
18,264759322,drive_orthogonal,5,0.8830819590881673
18,264759322,drive_orthogonal,6,0.8421286058192328
18,264759322,drive_orthogonal,7,0.733132451167075
18,264759322,drive_orthogonal,8,0.6934214425995745
18,264759322,drive_orthogonal,9,0.5594195778443042
18,264759322,drive_orthogonal,10,0.5617328589342646
18,264759322,drive_orthogonal,11,0.5582961781917182
18,264759322,drive_orthogonal,12,0.43590231943034313
18,264759322,drive_orthogonal,13,0.3495396993928897
18,264759322,drive_orthogonal,14,0.39196131951003343
18,264759322,drive_orthogonal,15,0.3540468200277619
18,264759322,drive_orthogonal,16,0.28299581919137495
18,264759322,drive_orthogonal,17,0.2662880972393408
18,264759322,drive_orthogonal,18,0.18917166890777698
18,264759322,drive_orthogonal,19,0.11394545617301957
18,264759322,drive_orthogonal,20,0.13873077371120532
18,264759322,equal_phase,1,0.999868768971956
18,264759322,equal_phase,2,0.9989092858809383
18,264759322,equal_phase,3,0.9949087938711143
18,264759322,equal_phase,4,0.9816046252733724
18,264759322,equal_phase,5,0.9515777405281578
18,264759322,equal_phase,6,0.9072890371062463
18,264759322,equal_phase,7,0.8693099333678584
18,264759322,equal_phase,8,0.8311374568655403
18,264759322,equal_phase,9,0.7826761581188089
18,264759322,equal_phase,10,0.7224090903343588
18,264759322,equal_phase,11,0.6571638726520187
18,264759322,equal_phase,12,0.6522456472897672
18,264759322,equal_phase,13,0.6273369032143616
18,264759322,equal_phase,14,0.5373143894456707
18,264759322,equal_phase,15,0.5663302556958837
18,264759322,equal_phase,16,0.471692903058157
18,264759322,equal_phase,17,0.43618242641344596
18,264759322,equal_phase,18,0.4128506919678559
18,264759322,equal_phase,19,0.3651952240786881
18,264759322,equal_phase,20,0.3106929061300947
19,16866769,drive_orthogonal,1,0.999125838688081
19,16866769,drive_orthogonal,2,0.9932194635354148
19,16866769,drive_orthogonal,3,0.9784043428669468
19,16866769,drive_orthogonal,4,0.9431052229384889
19,16866769,drive_orthogonal,5,0.8891577392546247
19,16866769,drive_orthogonal,6,0.7866554220058144
19,16866769,drive_orthogonal,7,0.7568108328181764
19,16866769,drive_orthogonal,8,0.7046552500440852
19,16866769,drive_orthogonal,9,0.6438622499411641
19,16866769,drive_orthogonal,10,0.6182401186384097
19,16866769,drive_orthogonal,11,0.5747936424726711
19,16866769,drive_orthogonal,12,0.5300046964546014
19,16866769,drive_orthogonal,13,0.4761299467410528
19,16866769,drive_orthogonal,14,0.43885563015865814
19,16866769,drive_orthogonal,15,0.36534557550512775
19,16866769,drive_orthogonal,16,0.32220907026298307
19,16866769,drive_orthogonal,17,0.3150678385398281
19,16866769,drive_orthogonal,18,0.19521803906407736
19,16866769,drive_orthogonal,19,0.16159632408145927
19,16866769,drive_orthogonal,20,0.10924649128042455
19,16866769,equal_phase,1,0.999457765079281
19,16866769,equal_phase,2,0.9961365119888348
19,16866769,equal_phase,3,0.9882101704185421
19,16866769,equal_phase,4,0.9661907830538162
19,16866769,equal_phase,5,0.8848279907396823
19,16866769,equal_phase,6,0.774667140394492
19,16866769,equal_phase,7,0.719119031905011
19,16866769,equal_phase,8,0.6515884116494826
19,16866769,equal_phase,9,0.6265635372695909
19,16866769,equal_phase,10,0.5812726082271766
19,16866769,equal_phase,11,0.5354317886953031
19,16866769,equal_phase,12,0.49219124975100154
19,16866769,equal_phase,13,0.4553641622864708
19,16866769,equal_phase,14,0.4201881136041639
19,16866769,equal_phase,15,0.37772986997800184
19,16866769,equal_phase,16,0.37873501131192855
19,16866769,equal_phase,17,0.32618879975028275
19,16866769,equal_phase,18,0.292737888824392
19,16866769,equal_phase,19,0.3326393241763353
19,16866769,equal_phase,20,0.28857965690799375
20,346211042,drive_orthogonal,1,0.9990208540670354
20,346211042,drive_orthogonal,2,0.9942095336139066
20,346211042,drive_orthogonal,3,0.9833598139132376
20,346211042,drive_orthogonal,4,0.9646773062037467
20,346211042,drive_orthogonal,5,0.9311113652797585
20,346211042,drive_orthogonal,6,0.8466072895426433
20,346211042,drive_orthogonal,7,0.7700257388299522
20,346211042,drive_orthogonal,8,0.6427637945774957
20,346211042,drive_orthogonal,9,0.6452554085099229
20,346211042,drive_orthogonal,10,0.5734987741801203
20,346211042,drive_orthogonal,11,0.5436085213665702
20,346211042,drive_orthogonal,12,0.41736095543567764
20,346211042,drive_orthogonal,13,0.33054723795009866
20,346211042,drive_orthogonal,14,0.23069853512204452
20,346211042,drive_orthogonal,15,0.2093068401531323
20,346211042,drive_orthogonal,16,0.2334119070716557
20,346211042,drive_orthogonal,17,0.18906100468580805
20,346211042,drive_orthogonal,18,0.17244650945935364
20,346211042,drive_orthogonal,19,0.1041149928249563
20,346211042,drive_orthogonal,20,0.10296042555447707
20,346211042,equal_phase,1,0.9998027936406809
20,346211042,equal_phase,2,0.9984053297463099
20,346211042,equal_phase,3,0.9933848468012207
20,346211042,equal_phase,4,0.988159201405728
20,346211042,equal_phase,5,0.9850162897088848
20,346211042,equal_phase,6,0.9690397748122732
20,346211042,equal_phase,7,0.9439268265915971
20,346211042,equal_phase,8,0.8881349979495258
20,346211042,equal_phase,9,0.8047600369589645
20,346211042,equal_phase,10,0.740849608438741
20,346211042,equal_phase,11,0.6817950575440656
20,346211042,equal_phase,12,0.6480003219025694
20,346211042,equal_phase,13,0.6160569662767699
20,346211042,equal_phase,14,0.6443150350847223
20,346211042,equal_phase,15,0.5099545565799274
20,346211042,equal_phase,16,0.4956512446352206
20,346211042,equal_phase,17,0.428742325242675
20,346211042,equal_phase,18,0.3955376684977815
20,346211042,equal_phase,19,0.3080099782471121
20,346211042,equal_phase,20,0.3559202717264351
21,1665106229,drive_orthogonal,1,0.9985871041808656
21,1665106229,drive_orthogonal,2,0.9944385422167821
21,1665106229,drive_orthogonal,3,0.9885867835894675
21,1665106229,drive_orthogonal,4,0.9659224175803137
21,1665106229,drive_orthogonal,5,0.9167340327743199
21,1665106229,drive_orthogonal,6,0.8541241445719284
21,1665106229,drive_orthogonal,7,0.8742773198869863
21,1665106229,drive_orthogonal,8,0.846692520272245
21,1665106229,drive_orthogonal,9,0.6789495710885045
21,1665106229,drive_orthogonal,10,0.48954045425932735
21,1665106229,drive_orthogonal,11,0.48154965775124975
21,1665106229,drive_orthogonal,12,0.42647225369139485
21,1665106229,drive_orthogonal,13,0.3192940163116949
21,1665106229,drive_orthogonal,14,0.29680058471500836
21,1665106229,drive_orthogonal,15,0.27966434235332044
21,1665106229,drive_orthogonal,16,0.28913590757988394
21,1665106229,drive_orthogonal,17,0.23045382719212848
21,1665106229,drive_orthogonal,18,0.13185095034266875
21,1665106229,drive_orthogonal,19,0.1568253227373588
21,1665106229,drive_orthogonal,20,0.06867641667664787
21,1665106229,equal_phase,1,0.9998685852264687
21,1665106229,equal_phase,2,0.998991701194595
21,1665106229,equal_phase,3,0.9969042805026224
21,1665106229,equal_phase,4,0.9946380184652187
21,1665106229,equal_phase,5,0.9897529400431294
21,1665106229,equal_phase,6,0.9844526650255683
21,1665106229,equal_phase,7,0.9758144921561139
21,1665106229,equal_phase,8,0.9480727302798049
21,1665106229,equal_phase,9,0.8800032254456087
21,1665106229,equal_phase,10,0.8089411949386718
21,1665106229,equal_phase,11,0.7659691163863801
21,1665106229,equal_phase,12,0.6784105233475836
21,1665106229,equal_phase,13,0.6013749240763934
21,1665106229,equal_phase,14,0.4704102743127136
21,1665106229,equal_phase,15,0.5234880181633841
21,1665106229,equal_phase,16,0.46523482717943343
21,1665106229,equal_phase,17,0.45377432438722054
21,1665106229,equal_phase,18,0.40475808145619363
21,1665106229,equal_phase,19,0.32553511433853016
21,1665106229,equal_phase,20,0.27571808977305295
22,1622806565,drive_orthogonal,1,0.9988478522040506
22,1622806565,drive_orthogonal,2,0.995668221100033
22,1622806565,drive_orthogonal,3,0.9941305502496158
22,1622806565,drive_orthogonal,4,0.9861291004274074
22,1622806565,drive_orthogonal,5,0.9499114972857681
22,1622806565,drive_orthogonal,6,0.9033693341791764
22,1622806565,drive_orthogonal,7,0.847043310992677
22,1622806565,drive_orthogonal,8,0.8001382327214115
22,1622806565,drive_orthogonal,9,0.7647056739248517
22,1622806565,drive_orthogonal,10,0.657462558774181
22,1622806565,drive_orthogonal,11,0.4889167947056044
22,1622806565,drive_orthogonal,12,0.48689043972655816
22,1622806565,drive_orthogonal,13,0.3635797908616825
22,1622806565,drive_orthogonal,14,0.2868822740852195
22,1622806565,drive_orthogonal,15,0.2752293297179578
22,1622806565,drive_orthogonal,16,0.1827231458731118
22,1622806565,drive_orthogonal,17,0.12157528003731798
22,1622806565,drive_orthogonal,18,0.08088547223528413
22,1622806565,drive_orthogonal,19,0.09191254519907797
22,1622806565,drive_orthogonal,20,0.059624113695860285
22,1622806565,equal_phase,1,0.9998932310756814
22,1622806565,equal_phase,2,0.9991414232474314
22,1622806565,equal_phase,3,0.9961296392550717
22,1622806565,equal_phase,4,0.9863108856713815
22,1622806565,equal_phase,5,0.9652054825189069
22,1622806565,equal_phase,6,0.9356622498775949
22,1622806565,equal_phase,7,0.9017912632932268
22,1622806565,equal_phase,8,0.8504248939296899
22,1622806565,equal_phase,9,0.8017882286922302
22,1622806565,equal_phase,10,0.7474431262169602
22,1622806565,equal_phase,11,0.6954646459052967
22,1622806565,equal_phase,12,0.665061058185753
22,1622806565,equal_phase,13,0.5853572535466389
22,1622806565,equal_phase,14,0.5317307576061076
22,1622806565,equal_phase,15,0.46055968077915765
22,1622806565,equal_phase,16,0.42399594296344434
22,1622806565,equal_phase,17,0.3771066167909775
22,1622806565,equal_phase,18,0.32128623365159104
22,1622806565,equal_phase,19,0.34267224013948167
22,1622806565,equal_phase,20,0.2807764736435465
23,1222562911,drive_orthogonal,1,0.999141617203991
23,1222562911,drive_orthogonal,2,0.994493002641344
23,1222562911,drive_orthogonal,3,0.9858799791731473
23,1222562911,drive_orthogonal,4,0.9613833645473849
23,1222562911,drive_orthogonal,5,0.9197457125217484
23,1222562911,drive_orthogonal,6,0.8789960365402382
23,1222562911,drive_orthogonal,7,0.8167326909420022
23,1222562911,drive_orthogonal,8,0.7953123840336734
23,1222562911,drive_orthogonal,9,0.7733699395321889
23,1222562911,drive_orthogonal,10,0.5940132520857444
23,1222562911,drive_orthogonal,11,0.5334730792891829
23,1222562911,drive_orthogonal,12,0.46658498159971923
23,1222562911,drive_orthogonal,13,0.4015041352662321
23,1222562911,drive_orthogonal,14,0.3712169948196061
23,1222562911,drive_orthogonal,15,0.3433601541081753
23,1222562911,drive_orthogonal,16,0.2681142823997129
23,1222562911,drive_orthogonal,17,0.15976024724154395
23,1222562911,drive_orthogonal,18,0.14580672463090513
23,1222562911,drive_orthogonal,19,0.08933660439776181
23,1222562911,drive_orthogonal,20,0.03860047448190942
23,1222562911,equal_phase,1,0.9998967420896495
23,1222562911,equal_phase,2,0.9993311744355111
23,1222562911,equal_phase,3,0.9973555554830976
23,1222562911,equal_phase,4,0.9934229894914354
23,1222562911,equal_phase,5,0.9873292729775885
23,1222562911,equal_phase,6,0.9827324571313718
23,1222562911,equal_phase,7,0.9651902879289632
23,1222562911,equal_phase,8,0.9300768183338066
23,1222562911,equal_phase,9,0.8991182322739623
23,1222562911,equal_phase,10,0.824486425428059
23,1222562911,equal_phase,11,0.7389058227277326
23,1222562911,equal_phase,12,0.6789680243450048
23,1222562911,equal_phase,13,0.5954039536403829
23,1222562911,equal_phase,14,0.4894970505528322
23,1222562911,equal_phase,15,0.5167938784814459
23,1222562911,equal_phase,16,0.3749423078520115
23,1222562911,equal_phase,17,0.3296831351919857
23,1222562911,equal_phase,18,0.25977088896280637
23,1222562911,equal_phase,19,0.24951839322462996
23,1222562911,equal_phase,20,0.13528239087561927
