seed,label,delay,capacity
64000,collective,1,0.9998278860551968
64000,collective,2,0.9986893348357836
64000,collective,3,0.9955860999410198
64000,collective,4,0.9858819514463307
64000,collective,5,0.9638261496659571
64000,collective,6,0.9229037510612724
64000,collective,7,0.802833799116786
64000,collective,8,0.7319721728193868
64000,collective,9,0.6883868788373142
64000,collective,10,0.6695147109074876
64000,collective,11,0.5716409888785583
64000,collective,12,0.5260870790781249
64000,collective,13,0.435753975115353
64000,collective,14,0.33101367454564534
64000,collective,15,0.39279825493701637
64000,collective,16,0.3195547275821112
64000,collective,17,0.3363048153351704
64000,collective,18,0.30859243863846475
64000,collective,19,0.10718095467968036
64000,collective,20,0.11789297106301466
64000,local_fixed,1,0.9998471542143132
64000,local_fixed,2,0.9991682806449202
64000,local_fixed,3,0.9981204479361617
64000,local_fixed,4,0.9938035647109498
64000,local_fixed,5,0.9708625574023645
64000,local_fixed,6,0.9233322322421783
64000,local_fixed,7,0.8383985594586283
64000,local_fixed,8,0.6418272545230853
64000,local_fixed,9,0.4301585655597154
64000,local_fixed,10,0.3563099149284313
64000,local_fixed,11,0.21073111570144415
64000,local_fixed,12,0.16541755121354
64000,local_fixed,13,0.13849109697290055
64000,local_fixed,14,0.08940214321741988
64000,local_fixed,15,0.06623858300740573
64000,local_fixed,16,0.04024422783136956
64000,local_fixed,17,0.029593106266817812
64000,local_fixed,18,0.008106651348581094
64000,local_fixed,19,0.002970504611633443
64000,local_fixed,20,0.0018225624334910432
64000,local_gap_matched,1,0.9738972644700021
64000,local_gap_matched,2,0.9410924800538021
64000,local_gap_matched,3,0.9156890150572565
64000,local_gap_matched,4,0.9155828763991818
64000,local_gap_matched,5,0.8286915516033074
64000,local_gap_matched,6,0.6650885476856062
64000,local_gap_matched,7,0.8206553274262292
64000,local_gap_matched,8,0.7672105679189966
64000,local_gap_matched,9,0.7939350409314235
64000,local_gap_matched,10,0.643486839901127
64000,local_gap_matched,11,0.5688327325302107
64000,local_gap_matched,12,0.6270666161491117
64000,local_gap_matched,13,0.5117834471113484
64000,local_gap_matched,14,0.4570461211926629
64000,local_gap_matched,15,0.43779913487388256
64000,local_gap_matched,16,0.4393281847431466
64000,local_gap_matched,17,0.3306463152294584
64000,local_gap_matched,18,0.23661163328072302
64000,local_gap_matched,19,0.19684145024671754
64000,local_gap_matched,20,0.3095261125436371
64001,collective,1,0.999753353055892
64001,collective,2,0.9987755419989234
64001,collective,3,0.9956532004798617
64001,collective,4,0.9908306310339221
64001,collective,5,0.9845811146680024
64001,collective,6,0.9710707373487176
64001,collective,7,0.9264649504982363
64001,collective,8,0.8498118062608087
64001,collective,9,0.779353301113763
64001,collective,10,0.7224581519788461
64001,collective,11,0.711893364485473
64001,collective,12,0.6116817048281756
64001,collective,13,0.5813174699356605
64001,collective,14,0.3876143384482264
64001,collective,15,0.4178670131165829
64001,collective,16,0.31053445045929096
64001,collective,17,0.2632579322709723
64001,collective,18,0.18800374738028966
64001,collective,19,0.1235880062355074
64001,collective,20,0.043855817512400835
64001,local_fixed,1,0.9998714342546835
64001,local_fixed,2,0.9994814738127931
64001,local_fixed,3,0.9972152534449485
64001,local_fixed,4,0.9915005565433724
64001,local_fixed,5,0.9783165392602253
64001,local_fixed,6,0.9465696537069156
64001,local_fixed,7,0.8636870344958346
64001,local_fixed,8,0.5583880689134938
64001,local_fixed,9,0.48099097830938287
64001,local_fixed,10,0.28303932708780827
64001,local_fixed,11,0.19380725024978757
64001,local_fixed,12,0.1842797637665873
64001,local_fixed,13,0.10137227431392846
64001,local_fixed,14,0.08011997792412377
64001,local_fixed,15,0.08128513872851918
64001,local_fixed,16,0.037292477980326554
64001,local_fixed,17,0.031705523585393865
64001,local_fixed,18,0.005946771254696814
64001,local_fixed,19,0.007372494245873306
64001,local_fixed,20,9.082284270632764e-05
64001,local_gap_matched,1,0.9993885004127862
64001,local_gap_matched,2,0.9967421837731288
64001,local_gap_matched,3,0.9945180465209815
64001,local_gap_matched,4,0.9921278794172748
64001,local_gap_matched,5,0.9593768503018222
64001,local_gap_matched,6,0.9556403015028079
64001,local_gap_matched,7,0.9405996118979193
64001,local_gap_matched,8,0.8195424055927594
64001,local_gap_matched,9,0.7122020034762037
64001,local_gap_matched,10,0.6955901921115208
64001,local_gap_matched,11,0.43531762324122036
64001,local_gap_matched,12,0.305363755501454
64001,local_gap_matched,13,0.2228102463911337
64001,local_gap_matched,14,0.2237400436012073
64001,local_gap_matched,15,0.1841571464014645
64001,local_gap_matched,16,0.06801828211332069
64001,local_gap_matched,17,0.022353146142586263
64001,local_gap_matched,18,0.022262963479006272
64001,local_gap_matched,19,0.0070967670261566215
64001,local_gap_matched,20,0.008722661440972924
64002,collective,1,0.9997097470385138
64002,collective,2,0.9979612802234932
64002,collective,3,0.9905928802872205
64002,collective,4,0.9710818172817552
64002,collective,5,0.9331676412742311
64002,collective,6,0.892657014361113
64002,collective,7,0.8409643370745638
64002,collective,8,0.7706202288959384
64002,collective,9,0.7147801668777836
64002,collective,10,0.6437174369461754
64002,collective,11,0.5452792999101301
64002,collective,12,0.5045021002762823
64002,collective,13,0.38223741159871844
64002,collective,14,0.3970647895851039
64002,collective,15,0.394677629263368
64002,collective,16,0.29007263461632077
64002,collective,17,0.235434632205747
64002,collective,18,0.20688635528228586
64002,collective,19,0.14575891315207382
64002,collective,20,0.10108138599288291
64002,local_fixed,1,0.9998376243827052
64002,local_fixed,2,0.9987159415785809
64002,local_fixed,3,0.9973686198167284
64002,local_fixed,4,0.9946664617550479
64002,local_fixed,5,0.976935213234374
64002,local_fixed,6,0.9474444839703781
64002,local_fixed,7,0.9048409302649981
64002,local_fixed,8,0.7509144693181948
64002,local_fixed,9,0.5101964940755093
64002,local_fixed,10,0.34162143083351637
64002,local_fixed,11,0.2654524401858271
64002,local_fixed,12,0.14697137805778762
64002,local_fixed,13,0.0930856362665162
64002,local_fixed,14,0.05551423980905423
64002,local_fixed,15,0.05290378460267128
64002,local_fixed,16,0.021251400874606925
64002,local_fixed,17,0.023174185954171096
64002,local_fixed,18,0.013011609995549848
64002,local_fixed,19,0.000417074880518516
64002,local_fixed,20,0.007426533988150749
64002,local_gap_matched,1,0.9921970175431174
64002,local_gap_matched,2,0.9654085828978887
64002,local_gap_matched,3,0.9642703811447753
64002,local_gap_matched,4,0.9618432241474517
64002,local_gap_matched,5,0.9351312509786167
64002,local_gap_matched,6,0.9010234968779741
64002,local_gap_matched,7,0.8564228588666124
64002,local_gap_matched,8,0.8731005900232248
64002,local_gap_matched,9,0.8153838952474881
64002,local_gap_matched,10,0.6437289647753659
64002,local_gap_matched,11,0.627698574837649
64002,local_gap_matched,12,0.6200438122900099
64002,local_gap_matched,13,0.40162319801234986
64002,local_gap_matched,14,0.4897967047421775
64002,local_gap_matched,15,0.3704295262808214
64002,local_gap_matched,16,0.2890730429205119
64002,local_gap_matched,17,0.17087999221093378
64002,local_gap_matched,18,0.1529561129583698
64002,local_gap_matched,19,0.14305899986769785
64002,local_gap_matched,20,0.11825023523514447
64003,collective,1,0.9966349272367857
64003,collective,2,0.9646032932376061
64003,collective,3,0.8580320548881494
64003,collective,4,0.7410110934737205
64003,collective,5,0.664064747512271
64003,collective,6,0.590774203805057
64003,collective,7,0.5609520633348504
64003,collective,8,0.5272172100435998
64003,collective,9,0.4690741459303136
64003,collective,10,0.4738822763216968
64003,collective,11,0.429856510707405
64003,collective,12,0.4412676688389369
64003,collective,13,0.4011002867637528
64003,collective,14,0.3819291077755437
64003,collective,15,0.3350061922417048
64003,collective,16,0.3505446351147276
64003,collective,17,0.2907176592670367
64003,collective,18,0.3446510093840321
64003,collective,19,0.30417550001279986
64003,collective,20,0.29995979885999374
64003,local_fixed,1,0.9987284959077976
64003,local_fixed,2,0.989023735706857
64003,local_fixed,3,0.9556228978464576
64003,local_fixed,4,0.8925818603608753
64003,local_fixed,5,0.801437597107321
64003,local_fixed,6,0.6854089201459425
64003,local_fixed,7,0.5611554085941292
64003,local_fixed,8,0.4798072451650839
64003,local_fixed,9,0.39890632148568644
64003,local_fixed,10,0.30681179968182
64003,local_fixed,11,0.20011649077987528
64003,local_fixed,12,0.14384489891536942
64003,local_fixed,13,0.1404666759799569
64003,local_fixed,14,0.11781848305039835
64003,local_fixed,15,0.08632859602676027
64003,local_fixed,16,0.023055658528046235
64003,local_fixed,17,0.006791191489034581
64003,local_fixed,18,0.00034429870733754947
64003,local_fixed,19,0.0011276492177816468
64003,local_fixed,20,0.00221938661041834
64003,local_gap_matched,1,0.9233446150474657
64003,local_gap_matched,2,0.8524671624166128
64003,local_gap_matched,3,0.773035054015459
64003,local_gap_matched,4,0.7503258353403985
64003,local_gap_matched,5,0.6949979418324587
64003,local_gap_matched,6,0.7047684227217449
64003,local_gap_matched,7,0.6046121306756629
64003,local_gap_matched,8,0.5312043069955702
64003,local_gap_matched,9,0.6012908859831569
64003,local_gap_matched,10,0.5264594495720157
64003,local_gap_matched,11,0.4930242401981101
64003,local_gap_matched,12,0.4710482109340521
64003,local_gap_matched,13,0.44508273624753525
64003,local_gap_matched,14,0.41382784244844795
64003,local_gap_matched,15,0.3408080514715734
64003,local_gap_matched,16,0.3570528739035584
64003,local_gap_matched,17,0.2556230560668932
64003,local_gap_matched,18,0.20210565227367813
64003,local_gap_matched,19,0.1925593881560225
64003,local_gap_matched,20,0.2713693123893786
64004,collective,1,0.9987674342988835
64004,collective,2,0.9897844567092482
64004,collective,3,0.9677439714076088
64004,collective,4,0.9210097123298405
64004,collective,5,0.8372919487691355
64004,collective,6,0.7766982001084206
64004,collective,7,0.6768157493795112
64004,collective,8,0.6480447305796829
64004,collective,9,0.5966758413720822
64004,collective,10,0.5540667655740253
64004,collective,11,0.4809870709882949
64004,collective,12,0.45435368706628043
64004,collective,13,0.4665530202619971
64004,collective,14,0.41825676615330143
64004,collective,15,0.3641042877183362
64004,collective,16,0.35981881853413844
64004,collective,17,0.3078651652282953
64004,collective,18,0.292572027109193
64004,collective,19,0.22948500469857014
64004,collective,20,0.1590934837622979
64004,local_fixed,1,0.9998517849532834
64004,local_fixed,2,0.9984425595165546
64004,local_fixed,3,0.9934417650327112
64004,local_fixed,4,0.9699695327278345
64004,local_fixed,5,0.8964725934074111
64004,local_fixed,6,0.7505302022536152
64004,local_fixed,7,0.6614276869226409
64004,local_fixed,8,0.5514965252564658
64004,local_fixed,9,0.5056633472952307
64004,local_fixed,10,0.42456380553103423
64004,local_fixed,11,0.3037810224318059
64004,local_fixed,12,0.2534551451484582
64004,local_fixed,13,0.20030005187086916
64004,local_fixed,14,0.0835500971069267
64004,local_fixed,15,0.00829569723485091
64004,local_fixed,16,0.002850503150962626
64004,local_fixed,17,0.0006007405665983065
64004,local_fixed,18,0.00034051096980826216
64004,local_fixed,19,0.002880481889628535
64004,local_fixed,20,0.0012715509356258225
64004,local_gap_matched,1,0.9943649325171507
64004,local_gap_matched,2,0.9854431285025853
64004,local_gap_matched,3,0.9781904090760604
64004,local_gap_matched,4,0.9278372230456726
64004,local_gap_matched,5,0.8822805567659737
64004,local_gap_matched,6,0.8492010103280264
64004,local_gap_matched,7,0.7771680530315452
64004,local_gap_matched,8,0.6852739695563528
64004,local_gap_matched,9,0.5854361033169861
64004,local_gap_matched,10,0.608331567031772
64004,local_gap_matched,11,0.531118836504806
64004,local_gap_matched,12,0.4966279755990738
64004,local_gap_matched,13,0.4231379651862906
64004,local_gap_matched,14,0.37796180274646946
64004,local_gap_matched,15,0.2260662349971585
64004,local_gap_matched,16,0.24286729776483038
64004,local_gap_matched,17,0.17844474735786958
64004,local_gap_matched,18,0.14503428703204507
64004,local_gap_matched,19,0.13354597149344158
64004,local_gap_matched,20,0.08117905848433818
64005,collective,1,0.9984300790361598
64005,collective,2,0.9873093728251421
64005,collective,3,0.9505121497201833
64005,collective,4,0.8649886447439384
64005,collective,5,0.7980061629524544
64005,collective,6,0.7300586096707868
64005,collective,7,0.6184054490192912
64005,collective,8,0.6325257268443462
64005,collective,9,0.5861278040044889
64005,collective,10,0.5344559036720206
64005,collective,11,0.5515755856118676
64005,collective,12,0.5173602456334471
64005,collective,13,0.5131747207632462
64005,collective,14,0.4698206878649637
64005,collective,15,0.460458616389423
64005,collective,16,0.44417999048910817
64005,collective,17,0.439246975144662
64005,collective,18,0.3761335176074988
64005,collective,19,0.36601338244309833
64005,collective,20,0.3503951504589029
64005,local_fixed,1,0.999659418153378
64005,local_fixed,2,0.9984046998074735
64005,local_fixed,3,0.9915181778858158
64005,local_fixed,4,0.9640400359516151
64005,local_fixed,5,0.8995030584845304
64005,local_fixed,6,0.7790436321490359
64005,local_fixed,7,0.6662021314670359
64005,local_fixed,8,0.5989882453744058
64005,local_fixed,9,0.543729200052101
64005,local_fixed,10,0.44725039261711735
64005,local_fixed,11,0.35526261114377944
64005,local_fixed,12,0.20130064534481318
64005,local_fixed,13,0.13611326906610816
64005,local_fixed,14,0.04287190214524119
64005,local_fixed,15,0.01978632097512223
64005,local_fixed,16,0.013726124183730789
64005,local_fixed,17,0.012666477667155871
64005,local_fixed,18,0.004108512324020884
64005,local_fixed,19,6.994172733361605e-05
64005,local_fixed,20,0.00011512980061149929
64005,local_gap_matched,1,0.9778408414270897
64005,local_gap_matched,2,0.9453937087187717
64005,local_gap_matched,3,0.9168948288249931
64005,local_gap_matched,4,0.8581768022429355
64005,local_gap_matched,5,0.8259772800032974
64005,local_gap_matched,6,0.7670553062552804
64005,local_gap_matched,7,0.7464693987078073
64005,local_gap_matched,8,0.7402262358855172
64005,local_gap_matched,9,0.7164471288942612
64005,local_gap_matched,10,0.5905607119306934
64005,local_gap_matched,11,0.5627186173558275
64005,local_gap_matched,12,0.4699690198445988
64005,local_gap_matched,13,0.5413498763500193
64005,local_gap_matched,14,0.3955484003438558
64005,local_gap_matched,15,0.4217702778340562
64005,local_gap_matched,16,0.3180265689219131
64005,local_gap_matched,17,0.3314509431182714
64005,local_gap_matched,18,0.2511235286305565
64005,local_gap_matched,19,0.2923859318429141
64005,local_gap_matched,20,0.1815805116575761
64006,collective,1,0.9995905891711382
64006,collective,2,0.9974158872808199
64006,collective,3,0.9919031060881534
64006,collective,4,0.9816446672510192
64006,collective,5,0.9682601796674215
64006,collective,6,0.9650700815861747
64006,collective,7,0.94351398015531
64006,collective,8,0.8438718626387465
64006,collective,9,0.7397717731947048
64006,collective,10,0.6558974456160517
64006,collective,11,0.6232240720655647
64006,collective,12,0.5726852797044925
64006,collective,13,0.4933755357920717
64006,collective,14,0.5090143386503723
64006,collective,15,0.44568779082271615
64006,collective,16,0.40963876542651245
64006,collective,17,0.3338717423332243
64006,collective,18,0.32436192202689895
64006,collective,19,0.2194045075113337
64006,collective,20,0.24496995345224562
64006,local_fixed,1,0.9998754223946803
64006,local_fixed,2,0.9989814162905832
64006,local_fixed,3,0.9927202127773923
64006,local_fixed,4,0.9622933430489514
64006,local_fixed,5,0.9041344466172699
64006,local_fixed,6,0.8355205917132876
64006,local_fixed,7,0.7026634477165395
64006,local_fixed,8,0.4910919014229127
64006,local_fixed,9,0.39218645203602664
64006,local_fixed,10,0.29174950233136876
64006,local_fixed,11,0.219290021062718
64006,local_fixed,12,0.16334969636717983
64006,local_fixed,13,0.15642055503904545
64006,local_fixed,14,0.11805702966127891
64006,local_fixed,15,0.10235160274858429
64006,local_fixed,16,0.05010778922892471
64006,local_fixed,17,0.016917905761841816
64006,local_fixed,18,0.016020392157727506
64006,local_fixed,19,0.003314316475372154
64006,local_fixed,20,0.00023466086126671325
64006,local_gap_matched,1,0.9941701806049025
64006,local_gap_matched,2,0.9769635937051289
64006,local_gap_matched,3,0.9699452837540918
64006,local_gap_matched,4,0.9579141493148908
64006,local_gap_matched,5,0.9323345130869067
64006,local_gap_matched,6,0.8942259775485724
64006,local_gap_matched,7,0.8063125315919888
64006,local_gap_matched,8,0.6662657376962925
64006,local_gap_matched,9,0.5862449910148183
64006,local_gap_matched,10,0.5575272118448813
64006,local_gap_matched,11,0.4467462124026698
64006,local_gap_matched,12,0.44410975792881313
64006,local_gap_matched,13,0.33462384244838633
64006,local_gap_matched,14,0.31049219979485426
64006,local_gap_matched,15,0.19968594221409855
64006,local_gap_matched,16,0.17193327044859302
64006,local_gap_matched,17,0.10849986060878956
64006,local_gap_matched,18,0.11552498387848113
64006,local_gap_matched,19,0.11977133724283763
64006,local_gap_matched,20,0.09854275305303911
64007,collective,1,0.9992228230027784
64007,collective,2,0.991807373260318
64007,collective,3,0.9674608723394509
64007,collective,4,0.90941028183962
64007,collective,5,0.8304016117449262
64007,collective,6,0.7783016674980997
64007,collective,7,0.7280122669619804
64007,collective,8,0.6258470755637626
64007,collective,9,0.6168654385507657
64007,collective,10,0.6095080866486096
64007,collective,11,0.5768240618544878
64007,collective,12,0.5184803735158325
64007,collective,13,0.5242788271782942
64007,collective,14,0.527624138562209
64007,collective,15,0.5209547859651977
64007,collective,16,0.4705303365008636
64007,collective,17,0.37592581328206737
64007,collective,18,0.32494452902098564
64007,collective,19,0.36160490814678725
64007,collective,20,0.19227050249360392
64007,local_fixed,1,0.999752132504939
64007,local_fixed,2,0.9986749990832542
64007,local_fixed,3,0.9943653066338276
64007,local_fixed,4,0.9798637717078225
64007,local_fixed,5,0.9451487869521499
64007,local_fixed,6,0.8371390374214637
64007,local_fixed,7,0.6793823693677221
64007,local_fixed,8,0.5144180844523077
64007,local_fixed,9,0.4434958382037304
64007,local_fixed,10,0.2984691798212702
64007,local_fixed,11,0.25315766116984106
64007,local_fixed,12,0.1699792628695799
64007,local_fixed,13,0.0583774171849088
64007,local_fixed,14,0.022903291354457355
64007,local_fixed,15,0.006223909567924632
64007,local_fixed,16,0.0065128995286815
64007,local_fixed,17,0.0010341075300865042
64007,local_fixed,18,6.19544976788096e-05
64007,local_fixed,19,2.130007976387943e-06
64007,local_fixed,20,1.882051726577021e-06
64007,local_gap_matched,1,0.9805782289781779
64007,local_gap_matched,2,0.9469878017905188
64007,local_gap_matched,3,0.9139359511580656
64007,local_gap_matched,4,0.9086821717352294
64007,local_gap_matched,5,0.8625293909095959
64007,local_gap_matched,6,0.8036695256751379
64007,local_gap_matched,7,0.7056648655135604
64007,local_gap_matched,8,0.6356426877769018
64007,local_gap_matched,9,0.6636704854893151
64007,local_gap_matched,10,0.6063062592228539
64007,local_gap_matched,11,0.5414132303243901
64007,local_gap_matched,12,0.4615245635666046
64007,local_gap_matched,13,0.4365221994560624
64007,local_gap_matched,14,0.36505620411019946
64007,local_gap_matched,15,0.4034465071655245
64007,local_gap_matched,16,0.29278388287988016
64007,local_gap_matched,17,0.30595962197266097
64007,local_gap_matched,18,0.18409159999144734
64007,local_gap_matched,19,0.21930934695466245
64007,local_gap_matched,20,0.17640357778205476
64008,collective,1,0.9995540663416277
64008,collective,2,0.9981057882971318
64008,collective,3,0.9935383129636413
64008,collective,4,0.9893578159540782
64008,collective,5,0.9798810560915516
64008,collective,6,0.9479828264248383
64008,collective,7,0.9131742667806032
64008,collective,8,0.8617352608681048
64008,collective,9,0.8173089765327513
64008,collective,10,0.6372546958108133
64008,collective,11,0.6283230689263852
64008,collective,12,0.6184642714348721
64008,collective,13,0.4891637528991873
64008,collective,14,0.5350483690686615
64008,collective,15,0.3524226626369372
64008,collective,16,0.2862621455520659
64008,collective,17,0.22435508802788426
64008,collective,18,0.15513223496940437
64008,collective,19,0.11291386700245643
64008,collective,20,0.123721663548796
64008,local_fixed,1,0.999852125537638
64008,local_fixed,2,0.9991847514552855
64008,local_fixed,3,0.9966811747254384
64008,local_fixed,4,0.9877035893833696
64008,local_fixed,5,0.9627916177227765
64008,local_fixed,6,0.8389525993997059
64008,local_fixed,7,0.6753545636230439
64008,local_fixed,8,0.5604496759103644
64008,local_fixed,9,0.46592092877650265
64008,local_fixed,10,0.3724832601453083
64008,local_fixed,11,0.31446235727184485
64008,local_fixed,12,0.2565576612831927
64008,local_fixed,13,0.18183050865408584
64008,local_fixed,14,0.12580536660835775
64008,local_fixed,15,0.08521049322869952
64008,local_fixed,16,0.0876159448337458
64008,local_fixed,17,0.038891770779202285
64008,local_fixed,18,0.01870519046284692
64008,local_fixed,19,0.014355102144776598
64008,local_fixed,20,0.01993555684265256
64008,local_gap_matched,1,0.9980689495640479
64008,local_gap_matched,2,0.9939985997393983
64008,local_gap_matched,3,0.9866663499489728
64008,local_gap_matched,4,0.9760797553020906
64008,local_gap_matched,5,0.9530397837283512
64008,local_gap_matched,6,0.9196780178595707
64008,local_gap_matched,7,0.8982752978870457
64008,local_gap_matched,8,0.7996229080716004
64008,local_gap_matched,9,0.7065405577830972
64008,local_gap_matched,10,0.6380159595851862
64008,local_gap_matched,11,0.4752256748925521
64008,local_gap_matched,12,0.4578624816920916
64008,local_gap_matched,13,0.37957601164185323
64008,local_gap_matched,14,0.30777708543804916
64008,local_gap_matched,15,0.25925452698946233
64008,local_gap_matched,16,0.2128677225981378
64008,local_gap_matched,17,0.13563045322570066
64008,local_gap_matched,18,0.12032130883898508
64008,local_gap_matched,19,0.05102548830886254
64008,local_gap_matched,20,0.029731377497397078
64009,collective,1,0.9991384611021422
64009,collective,2,0.9901567056297266
64009,collective,3,0.951572737060307
64009,collective,4,0.9146274948138808
64009,collective,5,0.8469133881395517
64009,collective,6,0.7473170709253353
64009,collective,7,0.6906941371228054
64009,collective,8,0.5490005378054027
64009,collective,9,0.5980903259553131
64009,collective,10,0.45433573306102476
64009,collective,11,0.5236028285962678
64009,collective,12,0.46679717219685907
64009,collective,13,0.45555606207183813
64009,collective,14,0.4644493112981798
64009,collective,15,0.40292776468349756
64009,collective,16,0.38610050507527055
64009,collective,17,0.34906295760860123
64009,collective,18,0.3574330477657772
64009,collective,19,0.2676758904597229
64009,collective,20,0.24424507484045554
64009,local_fixed,1,0.999281278970179
64009,local_fixed,2,0.9952689730701776
64009,local_fixed,3,0.9757744361841794
64009,local_fixed,4,0.9080275683873639
64009,local_fixed,5,0.8094852776088524
64009,local_fixed,6,0.7154321576686842
64009,local_fixed,7,0.5880538258161155
64009,local_fixed,8,0.499018628371553
64009,local_fixed,9,0.4295106734577866
64009,local_fixed,10,0.35067255807672926
64009,local_fixed,11,0.28960227536041294
64009,local_fixed,12,0.2473564016163124
64009,local_fixed,13,0.25134043195401923
64009,local_fixed,14,0.18153803846542285
64009,local_fixed,15,0.11449299626052176
64009,local_fixed,16,0.048518439266776583
64009,local_fixed,17,0.028297570034532864
64009,local_fixed,18,0.01955184288968096
64009,local_fixed,19,0.0017906851910830625
64009,local_fixed,20,0.0037402996961561257
64009,local_gap_matched,1,0.7889277076358079
64009,local_gap_matched,2,0.7029125302451422
64009,local_gap_matched,3,0.7109263368801881
64009,local_gap_matched,4,0.6486265025613004
64009,local_gap_matched,5,0.5260491713070051
64009,local_gap_matched,6,0.566312903880577
64009,local_gap_matched,7,0.5361841604057959
64009,local_gap_matched,8,0.5701513674124584
64009,local_gap_matched,9,0.519581021474635
64009,local_gap_matched,10,0.41942981440507227
64009,local_gap_matched,11,0.4569367573174534
64009,local_gap_matched,12,0.43413971344156177
64009,local_gap_matched,13,0.43310855569371104
64009,local_gap_matched,14,0.4078183822209897
64009,local_gap_matched,15,0.3395467653106766
64009,local_gap_matched,16,0.3631893759077524
64009,local_gap_matched,17,0.3282572496471538
64009,local_gap_matched,18,0.28942407886442756
64009,local_gap_matched,19,0.4577351064908788
64009,local_gap_matched,20,0.3224653277070334
64010,collective,1,0.9985503489138895
64010,collective,2,0.9871461159259574
64010,collective,3,0.9477465260958006
64010,collective,4,0.8797179250760012
64010,collective,5,0.8125658676000511
64010,collective,6,0.7322187598896227
64010,collective,7,0.6453941739618373
64010,collective,8,0.6058928406709553
64010,collective,9,0.5833743279908439
64010,collective,10,0.5685197302919689
64010,collective,11,0.548395658427007
64010,collective,12,0.5595427860247673
64010,collective,13,0.5230134570700884
64010,collective,14,0.53775266817064
64010,collective,15,0.47608102403554414
64010,collective,16,0.47484580823415545
64010,collective,17,0.36195305281487716
64010,collective,18,0.3813011868019052
64010,collective,19,0.27835972637236894
64010,collective,20,0.3283684181593208
64010,local_fixed,1,0.9995986255405604
64010,local_fixed,2,0.9956655469927267
64010,local_fixed,3,0.9662998216443685
64010,local_fixed,4,0.8968844169142842
64010,local_fixed,5,0.8136418358170789
64010,local_fixed,6,0.6405742036417308
64010,local_fixed,7,0.5950057656787524
64010,local_fixed,8,0.47842397324056823
64010,local_fixed,9,0.35622037119617495
64010,local_fixed,10,0.28974560389941556
64010,local_fixed,11,0.23609318372734947
64010,local_fixed,12,0.20205904822728493
64010,local_fixed,13,0.136760633013676
64010,local_fixed,14,0.050044466508710375
64010,local_fixed,15,0.0021538690537290556
64010,local_fixed,16,0.0003895642224413703
64010,local_fixed,17,0.00010132882317113305
64010,local_fixed,18,0.002824225883666328
64010,local_fixed,19,0.005152688313605038
64010,local_fixed,20,0.0009953039676456744
64010,local_gap_matched,1,0.97593297193821
64010,local_gap_matched,2,0.9481970666860704
64010,local_gap_matched,3,0.8970356002881811
64010,local_gap_matched,4,0.8377451039858331
64010,local_gap_matched,5,0.78030731249884
64010,local_gap_matched,6,0.7432670802624007
64010,local_gap_matched,7,0.7068627849711892
64010,local_gap_matched,8,0.6760455519329742
64010,local_gap_matched,9,0.6338344394594986
64010,local_gap_matched,10,0.5306941469116286
64010,local_gap_matched,11,0.5850589638778867
64010,local_gap_matched,12,0.42813400008309704
64010,local_gap_matched,13,0.36766106542337407
64010,local_gap_matched,14,0.37578188560557924
64010,local_gap_matched,15,0.36604842695129974
64010,local_gap_matched,16,0.3256266120372258
64010,local_gap_matched,17,0.15658829235990507
64010,local_gap_matched,18,0.17616024039060132
64010,local_gap_matched,19,0.17100588377192075
64010,local_gap_matched,20,0.10281251865823038
64011,collective,1,0.9997654186243753
64011,collective,2,0.9983211289874111
64011,collective,3,0.9936134033397825
64011,collective,4,0.9831959446695065
64011,collective,5,0.9651600946123581
64011,collective,6,0.933980570955621
64011,collective,7,0.9019305010984232
64011,collective,8,0.8591521434094638
64011,collective,9,0.8369497343438714
64011,collective,10,0.7595292001536463
64011,collective,11,0.5626203789569856
64011,collective,12,0.5217428719299215
64011,collective,13,0.4385950889083413
64011,collective,14,0.4200416547525225
64011,collective,15,0.3035209234679804
64011,collective,16,0.31226436501972077
64011,collective,17,0.2427813808155264
64011,collective,18,0.1351087365227996
64011,collective,19,0.17503798202629875
64011,collective,20,0.0910061373217016
64011,local_fixed,1,0.9997783150936496
64011,local_fixed,2,0.997950870004307
64011,local_fixed,3,0.9948306729287056
64011,local_fixed,4,0.9873612212618668
64011,local_fixed,5,0.9486649181311018
64011,local_fixed,6,0.8711432869992157
64011,local_fixed,7,0.7334286047294557
64011,local_fixed,8,0.6770798291986737
64011,local_fixed,9,0.5417895296667871
64011,local_fixed,10,0.3518141291316778
64011,local_fixed,11,0.26781566024445747
64011,local_fixed,12,0.18215432615788738
64011,local_fixed,13,0.09853422968041249
64011,local_fixed,14,0.06023108021961505
64011,local_fixed,15,0.03280684131862542
64011,local_fixed,16,0.026414670530631058
64011,local_fixed,17,0.014247063502711562
64011,local_fixed,18,0.0072314345095425775
64011,local_fixed,19,0.00019936386552163815
64011,local_fixed,20,0.009097830703983484
64011,local_gap_matched,1,0.996825653736145
64011,local_gap_matched,2,0.9895998303303483
64011,local_gap_matched,3,0.9795034630415332
64011,local_gap_matched,4,0.9525924889121228
64011,local_gap_matched,5,0.8838723724926999
64011,local_gap_matched,6,0.8050213022062496
64011,local_gap_matched,7,0.785685800158913
64011,local_gap_matched,8,0.7481399491591548
64011,local_gap_matched,9,0.6767266612443862
64011,local_gap_matched,10,0.5429559186673694
64011,local_gap_matched,11,0.5084017897572508
64011,local_gap_matched,12,0.36942943485448865
64011,local_gap_matched,13,0.3269600465666451
64011,local_gap_matched,14,0.22193709731754577
64011,local_gap_matched,15,0.2391398857338638
64011,local_gap_matched,16,0.13801283276260745
64011,local_gap_matched,17,0.11149621054652475
64011,local_gap_matched,18,0.0386373028419719
64011,local_gap_matched,19,0.020789937560759152
64011,local_gap_matched,20,0.005437909252328934
64012,collective,1,0.9976881550157695
64012,collective,2,0.9843002778241926
64012,collective,3,0.9653847171245122
64012,collective,4,0.9192879862022127
64012,collective,5,0.8468267781654206
64012,collective,6,0.7463323947401673
64012,collective,7,0.7380576247565683
64012,collective,8,0.6909257187211294
64012,collective,9,0.641484572934136
64012,collective,10,0.6676377347026994
64012,collective,11,0.5967669584339506
64012,collective,12,0.6056240716945868
64012,collective,13,0.5866380291593305
64012,collective,14,0.5411873733551242
64012,collective,15,0.47960190336873965
64012,collective,16,0.4527939504822952
64012,collective,17,0.43724048918835234
64012,collective,18,0.36516917168018276
64012,collective,19,0.36977581892650463
64012,collective,20,0.3585252467094121
64012,local_fixed,1,0.9997288859832207
64012,local_fixed,2,0.9973896613120444
64012,local_fixed,3,0.9852366351392094
64012,local_fixed,4,0.9417121115538376
64012,local_fixed,5,0.8629648837665108
64012,local_fixed,6,0.7420216619284562
64012,local_fixed,7,0.6425371457692649
64012,local_fixed,8,0.5989466481222608
64012,local_fixed,9,0.5346060267061213
64012,local_fixed,10,0.4340858259527427
64012,local_fixed,11,0.3146739589960758
64012,local_fixed,12,0.2799777138943001
64012,local_fixed,13,0.17434073546424603
64012,local_fixed,14,0.10861651935155965
64012,local_fixed,15,0.0458812469221058
64012,local_fixed,16,0.012012140350146468
64012,local_fixed,17,0.00415832266857666
64012,local_fixed,18,0.002664295717927034
64012,local_fixed,19,9.056919988752056e-05
64012,local_fixed,20,0.0009275164916159398
64012,local_gap_matched,1,0.9964939259894993
64012,local_gap_matched,2,0.9850709929425097
64012,local_gap_matched,3,0.963666358548562
64012,local_gap_matched,4,0.9201849337645684
64012,local_gap_matched,5,0.8684847431591592
64012,local_gap_matched,6,0.7492302057885265
64012,local_gap_matched,7,0.6742870120205721
64012,local_gap_matched,8,0.6624131889098013
64012,local_gap_matched,9,0.5921527856206491
64012,local_gap_matched,10,0.5283514223833593
64012,local_gap_matched,11,0.44270849708375615
64012,local_gap_matched,12,0.4160263199421988
64012,local_gap_matched,13,0.34822065589593304
64012,local_gap_matched,14,0.3390380492458249
64012,local_gap_matched,15,0.24102493866393185
64012,local_gap_matched,16,0.1429894198473425
64012,local_gap_matched,17,0.17229115484961044
64012,local_gap_matched,18,0.14813614118414686
64012,local_gap_matched,19,0.055383208400736086
64012,local_gap_matched,20,0.022623135220641077
64013,collective,1,0.9995848940691595
64013,collective,2,0.9981068612406653
64013,collective,3,0.9944910881121048
64013,collective,4,0.9946004645189861
64013,collective,5,0.9822617037131931
64013,collective,6,0.9717633564464596
64013,collective,7,0.9663484809453309
64013,collective,8,0.9461191954429816
64013,collective,9,0.8458427598009209
64013,collective,10,0.7856239793865665
64013,collective,11,0.7825696890754298
64013,collective,12,0.7828999094475507
64013,collective,13,0.6275073417525701
64013,collective,14,0.38854546108617755
64013,collective,15,0.4205020773062487
64013,collective,16,0.18955661859044695
64013,collective,17,0.19885414265937915
64013,collective,18,0.14343601881433513
64013,collective,19,0.10369350809812795
64013,collective,20,0.05812844490246096
64013,local_fixed,1,0.9998978517737245
64013,local_fixed,2,0.9995430787569777
64013,local_fixed,3,0.9974338351636736
64013,local_fixed,4,0.9861403749786447
64013,local_fixed,5,0.9808546154533151
64013,local_fixed,6,0.9158638473535473
64013,local_fixed,7,0.8161451212454996
64013,local_fixed,8,0.6364593473571029
64013,local_fixed,9,0.5716765384515176
64013,local_fixed,10,0.3313517991154944
64013,local_fixed,11,0.16582279509465273
64013,local_fixed,12,0.1340305317501662
64013,local_fixed,13,0.10384885081958227
64013,local_fixed,14,0.08482266089821773
64013,local_fixed,15,0.04822313248231024
64013,local_fixed,16,0.027115692214453993
64013,local_fixed,17,0.018084761402477167
64013,local_fixed,18,0.0012012635245593852
64013,local_fixed,19,0.003887306183021746
64013,local_fixed,20,0.0006861476711746481
64013,local_gap_matched,1,0.9957913245396647
64013,local_gap_matched,2,0.9938295042013457
64013,local_gap_matched,3,0.970708873317942
64013,local_gap_matched,4,0.930280403091558
64013,local_gap_matched,5,0.9504933664061785
64013,local_gap_matched,6,0.9177958651907395
64013,local_gap_matched,7,0.8877820673252403
64013,local_gap_matched,8,0.8217917921853231
64013,local_gap_matched,9,0.8262603433505885
64013,local_gap_matched,10,0.6074619885828083
64013,local_gap_matched,11,0.535128204205436
64013,local_gap_matched,12,0.674879445780049
64013,local_gap_matched,13,0.446672380821249
64013,local_gap_matched,14,0.3630296715551193
64013,local_gap_matched,15,0.19809264353129633
64013,local_gap_matched,16,0.18441658461988378
64013,local_gap_matched,17,0.2189062735327577
64013,local_gap_matched,18,0.15209628065693262
64013,local_gap_matched,19,0.09654086621147999
64013,local_gap_matched,20,0.10927120547061978
64014,collective,1,0.9996565720019917
64014,collective,2,0.9983030392689036
64014,collective,3,0.9946077506895239
64014,collective,4,0.9926078574013553
64014,collective,5,0.9773634077690581
64014,collective,6,0.9377997260930072
64014,collective,7,0.9095314006112198
64014,collective,8,0.9290170687580822
64014,collective,9,0.9025273744128245
64014,collective,10,0.7922991851263573
64014,collective,11,0.6935910085014163
64014,collective,12,0.5912143016742802
64014,collective,13,0.4516324245732304
64014,collective,14,0.4080504324912783
64014,collective,15,0.34863418345964636
64014,collective,16,0.3247234121575844
64014,collective,17,0.26769884441562325
64014,collective,18,0.1674917969473833
64014,collective,19,0.16368594364589875
64014,collective,20,0.14028297014813354
64014,local_fixed,1,0.9998895032848828
64014,local_fixed,2,0.9995970577266895
64014,local_fixed,3,0.9995058133308936
64014,local_fixed,4,0.9977168698447966
64014,local_fixed,5,0.9876316991875814
64014,local_fixed,6,0.9325121592867334
64014,local_fixed,7,0.8556303467268072
64014,local_fixed,8,0.7745897225027992
64014,local_fixed,9,0.5838345637448453
64014,local_fixed,10,0.45807698517372886
64014,local_fixed,11,0.2267867735447436
64014,local_fixed,12,0.1977392452349163
64014,local_fixed,13,0.11906483723308751
64014,local_fixed,14,0.10246174392053942
64014,local_fixed,15,0.041397809297278945
64014,local_fixed,16,0.009475900752939317
64014,local_fixed,17,0.006868983355963398
64014,local_fixed,18,0.003924372170055722
64014,local_fixed,19,0.005979896264483032
64014,local_fixed,20,0.001501837070303515
64014,local_gap_matched,1,0.9828623974710872
64014,local_gap_matched,2,0.9477103357849994
64014,local_gap_matched,3,0.9397627039234997
64014,local_gap_matched,4,0.9313994687808392
64014,local_gap_matched,5,0.9131440111323543
64014,local_gap_matched,6,0.895105738381602
64014,local_gap_matched,7,0.859921589364243
64014,local_gap_matched,8,0.8129695335511784
64014,local_gap_matched,9,0.7355049767434187
64014,local_gap_matched,10,0.7658762670409671
64014,local_gap_matched,11,0.6518251539147953
64014,local_gap_matched,12,0.6344960559231022
64014,local_gap_matched,13,0.5851816022424964
64014,local_gap_matched,14,0.5456590287379981
64014,local_gap_matched,15,0.580856171613953
64014,local_gap_matched,16,0.40151732051008104
64014,local_gap_matched,17,0.5541539816671112
64014,local_gap_matched,18,0.38724287856179973
64014,local_gap_matched,19,0.3305035749238389
64014,local_gap_matched,20,0.20939552075533419
64015,collective,1,0.999300134356846
64015,collective,2,0.9968116746708298
64015,collective,3,0.9925255382644558
64015,collective,4,0.9835998006829326
64015,collective,5,0.9608416241654284
64015,collective,6,0.8998697960661449
64015,collective,7,0.9042693802985762
64015,collective,8,0.8929041539208272
64015,collective,9,0.8384814007832291
64015,collective,10,0.756375917851088
64015,collective,11,0.6518793627249894
64015,collective,12,0.6133267045776333
64015,collective,13,0.4824925798826444
64015,collective,14,0.4785101304965694
64015,collective,15,0.38884595301210734
64015,collective,16,0.29782098114986094
64015,collective,17,0.20640018753311437
64015,collective,18,0.2824780563862565
64015,collective,19,0.20602747644171168
64015,collective,20,0.187515777115438
64015,local_fixed,1,0.9998547111029213
64015,local_fixed,2,0.9993590326555676
64015,local_fixed,3,0.9988177792465778
64015,local_fixed,4,0.9960354323613395
64015,local_fixed,5,0.9722079753069488
64015,local_fixed,6,0.8605150956984539
64015,local_fixed,7,0.7277051928968972
64015,local_fixed,8,0.684340354177586
64015,local_fixed,9,0.489969234652204
64015,local_fixed,10,0.22792408364676925
64015,local_fixed,11,0.22503315465047383
64015,local_fixed,12,0.15502074016060424
64015,local_fixed,13,0.051991303622413214
64015,local_fixed,14,0.0007706975066830154
64015,local_fixed,15,0.008225902689550679
64015,local_fixed,16,0.001976465750362501
64015,local_fixed,17,0.004156863530769854
64015,local_fixed,18,0.0057864597172906625
64015,local_fixed,19,0.010033245777625885
64015,local_fixed,20,3.5728316762276643e-06
64015,local_gap_matched,1,0.9992883729724862
64015,local_gap_matched,2,0.9985869022431425
64015,local_gap_matched,3,0.9978262282483471
64015,local_gap_matched,4,0.9952118399690542
64015,local_gap_matched,5,0.9817464490783745
64015,local_gap_matched,6,0.9105992826815944
64015,local_gap_matched,7,0.8257921773402619
64015,local_gap_matched,8,0.8087665586599373
64015,local_gap_matched,9,0.6057033639370425
64015,local_gap_matched,10,0.3574377701752993
64015,local_gap_matched,11,0.3474164441363431
64015,local_gap_matched,12,0.32503122254212874
64015,local_gap_matched,13,0.22754411316783613
64015,local_gap_matched,14,0.12667161205840835
64015,local_gap_matched,15,0.11615358240500283
64015,local_gap_matched,16,0.07712853477516667
64015,local_gap_matched,17,0.06508481350940408
64015,local_gap_matched,18,0.07352358972251487
64015,local_gap_matched,19,0.04628028345496397
64015,local_gap_matched,20,0.025975288694491575
64016,collective,1,0.9843685002668789
64016,collective,2,0.9096370094848403
64016,collective,3,0.8152577907395672
64016,collective,4,0.6544645134977383
64016,collective,5,0.6155761207481997
64016,collective,6,0.5482832449866714
64016,collective,7,0.515017431419714
64016,collective,8,0.4392535862824224
64016,collective,9,0.4399863103797396
64016,collective,10,0.39700863925771374
64016,collective,11,0.4027008817083673
64016,collective,12,0.3933113287811253
64016,collective,13,0.3678855108373703
64016,collective,14,0.38981615310200485
64016,collective,15,0.3452067728393834
64016,collective,16,0.34588314560272915
64016,collective,17,0.29637268232234387
64016,collective,18,0.30256950505715585
64016,collective,19,0.3315532725014919
64016,collective,20,0.3330358063068622
64016,local_fixed,1,0.9987987090595709
64016,local_fixed,2,0.9907990871116714
64016,local_fixed,3,0.9638435705495203
64016,local_fixed,4,0.9073705658612428
64016,local_fixed,5,0.7691895464627815
64016,local_fixed,6,0.6086048688313329
64016,local_fixed,7,0.5747863600386605
64016,local_fixed,8,0.4668776565999928
64016,local_fixed,9,0.4141766786887677
64016,local_fixed,10,0.3569223051548167
64016,local_fixed,11,0.3544401485740625
64016,local_fixed,12,0.2643234162999169
64016,local_fixed,13,0.1853056088503448
64016,local_fixed,14,0.11174245791283584
64016,local_fixed,15,0.06131580793339556
64016,local_fixed,16,0.05417852442323556
64016,local_fixed,17,0.013075811980345929
64016,local_fixed,18,0.009921560116634396
64016,local_fixed,19,9.391819925522251e-05
64016,local_fixed,20,0.00012120254761836394
64016,local_gap_matched,1,0.5750456624528167
64016,local_gap_matched,2,0.4378161640584888
64016,local_gap_matched,3,0.3618111924425202
64016,local_gap_matched,4,0.3366114021347038
64016,local_gap_matched,5,0.33458491290742925
64016,local_gap_matched,6,0.289442186971764
64016,local_gap_matched,7,0.23006077373676936
64016,local_gap_matched,8,0.2376434120741225
64016,local_gap_matched,9,0.2483426437788193
64016,local_gap_matched,10,0.25108509146650493
64016,local_gap_matched,11,0.2684772034310571
64016,local_gap_matched,12,0.14264098432340921
64016,local_gap_matched,13,0.1653248584187792
64016,local_gap_matched,14,0.16053341968600868
64016,local_gap_matched,15,0.23773008149898886
64016,local_gap_matched,16,0.24311840409031016
64016,local_gap_matched,17,0.2248129165982075
64016,local_gap_matched,18,0.21434613807409636
64016,local_gap_matched,19,0.18634451798919074
64016,local_gap_matched,20,0.18316331204218883
64017,collective,1,0.9998057511984373
64017,collective,2,0.9983780524220852
64017,collective,3,0.9920041777193441
64017,collective,4,0.9805848841811388
64017,collective,5,0.9708857144418619
64017,collective,6,0.9375205818563768
64017,collective,7,0.8019222231383447
64017,collective,8,0.7139985419873266
64017,collective,9,0.6756785295810085
64017,collective,10,0.5301201853090277
64017,collective,11,0.5067628433007979
64017,collective,12,0.4597404726957311
64017,collective,13,0.4126274483860647
64017,collective,14,0.4304063984149991
64017,collective,15,0.34932012532437223
64017,collective,16,0.3604836457032112
64017,collective,17,0.31378785729397807
64017,collective,18,0.3179324417866739
64017,collective,19,0.25778947339036573
64017,collective,20,0.24888730242803492
64017,local_fixed,1,0.9998445808516275
64017,local_fixed,2,0.9983323316188071
64017,local_fixed,3,0.9892686395537296
64017,local_fixed,4,0.9573863284377017
64017,local_fixed,5,0.8726054537963341
64017,local_fixed,6,0.7674492842690455
64017,local_fixed,7,0.6519275746111525
64017,local_fixed,8,0.5543179183943897
64017,local_fixed,9,0.39612091893203033
64017,local_fixed,10,0.37918816376772607
64017,local_fixed,11,0.30908782945440544
64017,local_fixed,12,0.2355678998498186
64017,local_fixed,13,0.15401832937756563
64017,local_fixed,14,0.1076811118079239
64017,local_fixed,15,0.09710699735129386
64017,local_fixed,16,0.0770402349689623
64017,local_fixed,17,0.03302310092592083
64017,local_fixed,18,0.0019947787260455995
64017,local_fixed,19,0.00033333782754378205
64017,local_fixed,20,0.00015725883762623312
64017,local_gap_matched,1,0.9969115722281048
64017,local_gap_matched,2,0.9890179537207499
64017,local_gap_matched,3,0.9609982300497142
64017,local_gap_matched,4,0.900624463286791
64017,local_gap_matched,5,0.8474601592825867
64017,local_gap_matched,6,0.7998684178057999
64017,local_gap_matched,7,0.7263744366791497
64017,local_gap_matched,8,0.6523667271702983
64017,local_gap_matched,9,0.5008741137522034
64017,local_gap_matched,10,0.5050150017625499
64017,local_gap_matched,11,0.3919067309404794
64017,local_gap_matched,12,0.3465142869738013
64017,local_gap_matched,13,0.283561445158985
64017,local_gap_matched,14,0.2701821231075288
64017,local_gap_matched,15,0.22381628597055064
64017,local_gap_matched,16,0.17811983572228843
64017,local_gap_matched,17,0.16600292290373272
64017,local_gap_matched,18,0.1403712103210343
64017,local_gap_matched,19,0.06338610720245993
64017,local_gap_matched,20,0.028875038937936342
64018,collective,1,0.9996416979367636
64018,collective,2,0.998385850826718
64018,collective,3,0.9938102273134235
64018,collective,4,0.9851222883316461
64018,collective,5,0.9698010406288528
64018,collective,6,0.9297854497685647
64018,collective,7,0.8893319588353397
64018,collective,8,0.8499630402075373
64018,collective,9,0.8396476560130667
64018,collective,10,0.8081811447616019
64018,collective,11,0.754473946230504
64018,collective,12,0.5680290769635491
64018,collective,13,0.48389410653485543
64018,collective,14,0.3737757819186152
64018,collective,15,0.3721606518387196
64018,collective,16,0.3037629065300442
64018,collective,17,0.2855553594426885
64018,collective,18,0.1196420504990967
64018,collective,19,0.16692209681606687
64018,collective,20,0.09704853790247017
64018,local_fixed,1,0.9995201941240913
64018,local_fixed,2,0.9975257063760332
64018,local_fixed,3,0.9889331234729768
64018,local_fixed,4,0.9685873947413833
64018,local_fixed,5,0.9078287859445336
64018,local_fixed,6,0.7716395338589705
64018,local_fixed,7,0.6434658749226903
64018,local_fixed,8,0.5551777599464303
64018,local_fixed,9,0.35311267122497136
64018,local_fixed,10,0.2551801066190584
64018,local_fixed,11,0.20802449970131115
64018,local_fixed,12,0.136370752450529
64018,local_fixed,13,0.1054647857943412
64018,local_fixed,14,0.07576316728534166
64018,local_fixed,15,0.05838606047930646
64018,local_fixed,16,0.03162657176875349
64018,local_fixed,17,0.02070874203087091
64018,local_fixed,18,0.0007446881230054135
64018,local_fixed,19,0.010129782325763148
64018,local_fixed,20,0.008605350491641647
64018,local_gap_matched,1,0.9942492200409679
64018,local_gap_matched,2,0.9873457970536659
64018,local_gap_matched,3,0.9689160167103902
64018,local_gap_matched,4,0.9543685820123882
64018,local_gap_matched,5,0.9089244942882962
64018,local_gap_matched,6,0.8125790962260893
64018,local_gap_matched,7,0.8337235698001981
64018,local_gap_matched,8,0.8467914316450892
64018,local_gap_matched,9,0.6008725484331362
64018,local_gap_matched,10,0.49362639205782705
64018,local_gap_matched,11,0.49601130472115346
64018,local_gap_matched,12,0.4037425745017262
64018,local_gap_matched,13,0.3448423085411428
64018,local_gap_matched,14,0.27753923033338107
64018,local_gap_matched,15,0.24985673798719504
64018,local_gap_matched,16,0.11180707562849142
64018,local_gap_matched,17,0.09675492332369202
64018,local_gap_matched,18,0.09478355145142396
64018,local_gap_matched,19,0.06682366683646859
64018,local_gap_matched,20,0.06472445086257997
64019,collective,1,0.9993642185068512
64019,collective,2,0.9983165496662644
64019,collective,3,0.9969420876524125
64019,collective,4,0.9925660449534209
64019,collective,5,0.9853062333877031
64019,collective,6,0.9628984845798244
64019,collective,7,0.9098192845191869
64019,collective,8,0.826649967915727
64019,collective,9,0.8373769503133154
64019,collective,10,0.8463535729791248
64019,collective,11,0.7183454250124688
64019,collective,12,0.6963861278863411
64019,collective,13,0.6169967400072061
64019,collective,14,0.46806269492021724
64019,collective,15,0.31230777542223304
64019,collective,16,0.25685566593741743
64019,collective,17,0.2497824192319103
64019,collective,18,0.2450602897480834
64019,collective,19,0.14134576861559756
64019,collective,20,0.09446038196667146
64019,local_fixed,1,0.9998406175960971
64019,local_fixed,2,0.9993908998235962
64019,local_fixed,3,0.9987933468419337
64019,local_fixed,4,0.9965673524136158
64019,local_fixed,5,0.9857112344395889
64019,local_fixed,6,0.9211587818425655
64019,local_fixed,7,0.826463341248194
64019,local_fixed,8,0.6459179865076066
64019,local_fixed,9,0.39987529861802046
64019,local_fixed,10,0.34014174917136547
64019,local_fixed,11,0.20141967241657732
64019,local_fixed,12,0.1763575666704417
64019,local_fixed,13,0.10313121225808015
64019,local_fixed,14,0.06576180934904818
64019,local_fixed,15,0.03671772675141921
64019,local_fixed,16,0.008534398372108625
64019,local_fixed,17,0.001380516434788387
64019,local_fixed,18,0.004946314673864689
64019,local_fixed,19,0.005584804261935365
64019,local_fixed,20,0.004044690936144283
64019,local_gap_matched,1,0.9989835133554773
64019,local_gap_matched,2,0.9964956624009226
64019,local_gap_matched,3,0.9942476268630636
64019,local_gap_matched,4,0.987501945905629
64019,local_gap_matched,5,0.9678642070435901
64019,local_gap_matched,6,0.9548492719456575
64019,local_gap_matched,7,0.9004666400480941
64019,local_gap_matched,8,0.8449283329755916
64019,local_gap_matched,9,0.7515733340978911
64019,local_gap_matched,10,0.6525600817788466
64019,local_gap_matched,11,0.511125530011648
64019,local_gap_matched,12,0.4063682004210243
64019,local_gap_matched,13,0.34295229014089273
64019,local_gap_matched,14,0.3671203319414896
64019,local_gap_matched,15,0.2327010801798332
64019,local_gap_matched,16,0.15371650708873286
64019,local_gap_matched,17,0.11063031739741887
64019,local_gap_matched,18,0.1207465843199533
64019,local_gap_matched,19,0.08825302397601865
64019,local_gap_matched,20,0.06233492696524602
64020,collective,1,0.9992231566843764
64020,collective,2,0.9959705483313299
64020,collective,3,0.9903384887461671
64020,collective,4,0.9684697155329793
64020,collective,5,0.940433763579467
64020,collective,6,0.896210953032466
64020,collective,7,0.8291828647837777
64020,collective,8,0.7933936576268402
64020,collective,9,0.6778693199612414
64020,collective,10,0.6393039815720869
64020,collective,11,0.5554629209665682
64020,collective,12,0.5426405385986353
64020,collective,13,0.49408506169557737
64020,collective,14,0.5035136418679368
64020,collective,15,0.3890254531295012
64020,collective,16,0.3890871447404464
64020,collective,17,0.33871570354154806
64020,collective,18,0.335811098211502
64020,collective,19,0.28025372893022227
64020,collective,20,0.23077768773544108
64020,local_fixed,1,0.9999311650497604
64020,local_fixed,2,0.9997355512708617
64020,local_fixed,3,0.9984054512625565
64020,local_fixed,4,0.9896909442187192
64020,local_fixed,5,0.965532964507042
64020,local_fixed,6,0.9040980717417353
64020,local_fixed,7,0.8299092249622687
64020,local_fixed,8,0.6105255046978774
64020,local_fixed,9,0.5040725253873266
64020,local_fixed,10,0.35392769734249846
64020,local_fixed,11,0.26891460635226316
64020,local_fixed,12,0.1259943501107558
64020,local_fixed,13,0.10106611518323823
64020,local_fixed,14,0.1049425245033831
64020,local_fixed,15,0.09052959029025545
64020,local_fixed,16,0.04138494844573961
64020,local_fixed,17,0.05571072487444995
64020,local_fixed,18,0.023286367475935304
64020,local_fixed,19,0.011987706859447913
64020,local_fixed,20,0.00127666459362713
64020,local_gap_matched,1,0.9854114121425269
64020,local_gap_matched,2,0.9655316427054583
64020,local_gap_matched,3,0.9592368320294381
64020,local_gap_matched,4,0.9514147529736603
64020,local_gap_matched,5,0.9399442351667733
64020,local_gap_matched,6,0.8858454410410851
64020,local_gap_matched,7,0.8311475884300235
64020,local_gap_matched,8,0.7643107740033797
64020,local_gap_matched,9,0.7752999561282264
64020,local_gap_matched,10,0.6760943945805709
64020,local_gap_matched,11,0.7036763568555408
64020,local_gap_matched,12,0.6382333370476689
64020,local_gap_matched,13,0.35818218127513035
64020,local_gap_matched,14,0.3705379033114411
64020,local_gap_matched,15,0.3175451575420098
64020,local_gap_matched,16,0.3221959012777311
64020,local_gap_matched,17,0.22526648713817388
64020,local_gap_matched,18,0.1439590382749378
64020,local_gap_matched,19,0.15482850179598243
64020,local_gap_matched,20,0.1183819326408223
64021,collective,1,0.999722197548074
64021,collective,2,0.9980854956060222
64021,collective,3,0.9905045480078342
64021,collective,4,0.9756859442242408
64021,collective,5,0.9644892453016298
64021,collective,6,0.9414230557540079
64021,collective,7,0.8822774641522305
64021,collective,8,0.8129110881434168
64021,collective,9,0.7198811446576916
64021,collective,10,0.6711312238074925
64021,collective,11,0.7380220586243761
64021,collective,12,0.6479785352304943
64021,collective,13,0.5320958863914801
64021,collective,14,0.5417016746512737
64021,collective,15,0.4034934693832686
64021,collective,16,0.3755737106555505
64021,collective,17,0.3374184724805297
64021,collective,18,0.25608608640485425
64021,collective,19,0.18363778575465572
64021,collective,20,0.2064562318259143
64021,local_fixed,1,0.9998208273982148
64021,local_fixed,2,0.9994322860387418
64021,local_fixed,3,0.998955702537462
64021,local_fixed,4,0.9918233836829476
64021,local_fixed,5,0.9797902100268133
64021,local_fixed,6,0.9505518296101972
64021,local_fixed,7,0.8181888849786584
64021,local_fixed,8,0.6421715783655869
64021,local_fixed,9,0.4538793514038716
64021,local_fixed,10,0.3875882393671969
64021,local_fixed,11,0.22580372642266808
64021,local_fixed,12,0.11647784275831499
64021,local_fixed,13,0.07225027845208958
64021,local_fixed,14,0.062251417934434686
64021,local_fixed,15,0.04637294801606643
64021,local_fixed,16,0.053365976507610685
64021,local_fixed,17,0.031771945148790684
64021,local_fixed,18,0.03789951568734505
64021,local_fixed,19,0.027840620869587905
64021,local_fixed,20,0.005368556782362021
64021,local_gap_matched,1,0.9978556734318279
64021,local_gap_matched,2,0.9949917402760129
64021,local_gap_matched,3,0.9911350059761278
64021,local_gap_matched,4,0.970568719638386
64021,local_gap_matched,5,0.9640072257152849
64021,local_gap_matched,6,0.9372461600735321
64021,local_gap_matched,7,0.8838657768086432
64021,local_gap_matched,8,0.8619622512611517
64021,local_gap_matched,9,0.7653096127334936
64021,local_gap_matched,10,0.6141073389524074
64021,local_gap_matched,11,0.483601498073925
64021,local_gap_matched,12,0.3400440113134298
64021,local_gap_matched,13,0.26326299955716026
64021,local_gap_matched,14,0.14832007052325813
64021,local_gap_matched,15,0.13591688811184824
64021,local_gap_matched,16,0.10593029362012665
64021,local_gap_matched,17,0.04888068130350606
64021,local_gap_matched,18,0.03809833924429746
64021,local_gap_matched,19,0.04596148659636863
64021,local_gap_matched,20,0.02504919202051511
64022,collective,1,0.9993466934293993
64022,collective,2,0.9918043032548375
64022,collective,3,0.9648856817430834
64022,collective,4,0.9172189744687613
64022,collective,5,0.8375983708168566
64022,collective,6,0.7364651709496578
64022,collective,7,0.6873425617557873
64022,collective,8,0.6538121435456865
64022,collective,9,0.6674017903807257
64022,collective,10,0.5937723826987736
64022,collective,11,0.5941150972368493
64022,collective,12,0.5233376790496282
64022,collective,13,0.4974704603902036
64022,collective,14,0.4482286030654984
64022,collective,15,0.45643620806872776
64022,collective,16,0.41835336908423165
64022,collective,17,0.35991457419209333
64022,collective,18,0.3408741076085383
64022,collective,19,0.30869947100524586
64022,collective,20,0.3139794681618656
64022,local_fixed,1,0.9995492440527293
64022,local_fixed,2,0.9959569757292497
64022,local_fixed,3,0.981931801651002
64022,local_fixed,4,0.9256758018315363
64022,local_fixed,5,0.788535486962725
64022,local_fixed,6,0.6613196412851636
64022,local_fixed,7,0.5652028655094861
64022,local_fixed,8,0.4489756085447016
64022,local_fixed,9,0.4188471220166059
64022,local_fixed,10,0.3212422844144199
64022,local_fixed,11,0.26443107312589964
64022,local_fixed,12,0.21093068068798182
64022,local_fixed,13,0.15104377695635984
64022,local_fixed,14,0.11169772841781297
64022,local_fixed,15,0.03223950016050874
64022,local_fixed,16,0.02194221559339616
64022,local_fixed,17,0.00361870130644521
64022,local_fixed,18,0.01003266179066503
64022,local_fixed,19,0.0003588915926153822
64022,local_fixed,20,0.004126962628819311
64022,local_gap_matched,1,0.9545779113479115
64022,local_gap_matched,2,0.9079174312291498
64022,local_gap_matched,3,0.8968943136477686
64022,local_gap_matched,4,0.8482244699924999
64022,local_gap_matched,5,0.7747156328334256
64022,local_gap_matched,6,0.6857699403935787
64022,local_gap_matched,7,0.6523661312279244
64022,local_gap_matched,8,0.6684076394417349
64022,local_gap_matched,9,0.5355144583940993
64022,local_gap_matched,10,0.5800866637717028
64022,local_gap_matched,11,0.5254702529461854
64022,local_gap_matched,12,0.4976740871167498
64022,local_gap_matched,13,0.42434553592998053
64022,local_gap_matched,14,0.4224788857744722
64022,local_gap_matched,15,0.36968452394602536
64022,local_gap_matched,16,0.35473171809972187
64022,local_gap_matched,17,0.2995313511185068
64022,local_gap_matched,18,0.2422082382266997
64022,local_gap_matched,19,0.24713816314542528
64022,local_gap_matched,20,0.1939975178979383
64023,collective,1,0.9995656190130326
64023,collective,2,0.996527100238879
64023,collective,3,0.9865359788783508
64023,collective,4,0.9550059787702717
64023,collective,5,0.8739745270572434
64023,collective,6,0.8041488754384498
64023,collective,7,0.748114381169272
64023,collective,8,0.6140043763965585
64023,collective,9,0.5881881376027537
64023,collective,10,0.4922943621326129
64023,collective,11,0.4933080785829585
64023,collective,12,0.4096395095168814
64023,collective,13,0.4615397102755437
64023,collective,14,0.3771025048880343
64023,collective,15,0.3703620469776362
64023,collective,16,0.3652055567562454
64023,collective,17,0.281375614786296
64023,collective,18,0.2894544433763227
64023,collective,19,0.25330694823979966
64023,collective,20,0.21967938258652975
64023,local_fixed,1,0.9998458916779495
64023,local_fixed,2,0.9985913942175827
64023,local_fixed,3,0.9933319322403124
64023,local_fixed,4,0.9822000967711235
64023,local_fixed,5,0.9345692571499531
64023,local_fixed,6,0.8019770337921031
64023,local_fixed,7,0.6738445750847931
64023,local_fixed,8,0.6180620040294681
64023,local_fixed,9,0.5196640579328664
64023,local_fixed,10,0.3972637887427586
64023,local_fixed,11,0.29171842927946834
64023,local_fixed,12,0.20592409076922216
64023,local_fixed,13,0.13282037087214005
64023,local_fixed,14,0.06153342405396374
64023,local_fixed,15,0.048884007467615766
64023,local_fixed,16,0.03459339112824878
64023,local_fixed,17,0.01836486442529524
64023,local_fixed,18,0.019557914704919785
64023,local_fixed,19,7.995448941927843e-05
64023,local_fixed,20,0.0035485901264711785
64023,local_gap_matched,1,0.9905640083562711
64023,local_gap_matched,2,0.971762920790487
64023,local_gap_matched,3,0.955045888602667
64023,local_gap_matched,4,0.9404584463735863
64023,local_gap_matched,5,0.8843538334975992
64023,local_gap_matched,6,0.8608851430628506
64023,local_gap_matched,7,0.801334794955912
64023,local_gap_matched,8,0.6881883709953877
64023,local_gap_matched,9,0.7102688002720883
64023,local_gap_matched,10,0.6311387825881056
64023,local_gap_matched,11,0.5669062353137915
64023,local_gap_matched,12,0.4339710768526717
64023,local_gap_matched,13,0.4478946218536655
64023,local_gap_matched,14,0.3828896781766193
64023,local_gap_matched,15,0.30690519184342735
64023,local_gap_matched,16,0.3551969488631183
64023,local_gap_matched,17,0.31313117478694696
64023,local_gap_matched,18,0.30087405149661245
64023,local_gap_matched,19,0.19587962496608946
64023,local_gap_matched,20,0.1690665581939534
